ResponseId,Gender,Tilt,Distance,Eyes,ugly
R_00OlMTXsIar3zHj,Female,FromBelow,Near,Direct,3
R_00OlMTXsIar3zHj,Female,FromBelow,Near,Side,2
R_00OlMTXsIar3zHj,Female,Level,Near,Side,2
R_00OlMTXsIar3zHj,Female,Level,Near,Direct,2
R_00OlMTXsIar3zHj,Female,FromBelow,Far,Direct,1
R_00OlMTXsIar3zHj,Female,FromBelow,Far,Side,2
R_00OlMTXsIar3zHj,Female,Level,Far,Direct,1
R_00OlMTXsIar3zHj,Female,Level,Far,Side,1
R_00OlMTXsIar3zHj,Male,FromBelow,Near,Direct,1
R_00OlMTXsIar3zHj,Male,FromBelow,Near,Side,1
R_00OlMTXsIar3zHj,Male,Level,Near,Direct,3
R_00OlMTXsIar3zHj,Male,Level,Far,Side,2
R_00OlMTXsIar3zHj,Male,Level,Near,Side,1
R_00OlMTXsIar3zHj,Male,Level,Far,Direct,2
R_00OlMTXsIar3zHj,Male,FromBelow,Far,Side,2
R_00OlMTXsIar3zHj,Male,FromBelow,Far,Direct,1
R_10BoO25kkjsfeLo,Female,FromBelow,Near,Direct,1
R_10BoO25kkjsfeLo,Female,FromBelow,Near,Side,2
R_10BoO25kkjsfeLo,Female,Level,Near,Side,2
R_10BoO25kkjsfeLo,Female,Level,Near,Direct,2
R_10BoO25kkjsfeLo,Female,FromBelow,Far,Direct,2
R_10BoO25kkjsfeLo,Female,FromBelow,Far,Side,2
R_10BoO25kkjsfeLo,Female,Level,Far,Direct,2
R_10BoO25kkjsfeLo,Female,Level,Far,Side,2
R_10BoO25kkjsfeLo,Male,FromBelow,Near,Direct,2
R_10BoO25kkjsfeLo,Male,FromBelow,Near,Side,2
R_10BoO25kkjsfeLo,Male,Level,Near,Direct,2
R_10BoO25kkjsfeLo,Male,Level,Far,Side,3
R_10BoO25kkjsfeLo,Male,Level,Near,Side,3
R_10BoO25kkjsfeLo,Male,Level,Far,Direct,2
R_10BoO25kkjsfeLo,Male,FromBelow,Far,Side,4
R_10BoO25kkjsfeLo,Male,FromBelow,Far,Direct,2
R_123YVnrORavW4At,Female,FromBelow,Near,Direct,5
R_123YVnrORavW4At,Female,FromBelow,Near,Side,5
R_123YVnrORavW4At,Female,Level,Near,Side,1
R_123YVnrORavW4At,Female,Level,Near,Direct,1
R_123YVnrORavW4At,Female,FromBelow,Far,Direct,5
R_123YVnrORavW4At,Female,FromBelow,Far,Side,5
R_123YVnrORavW4At,Female,Level,Far,Direct,1
R_123YVnrORavW4At,Female,Level,Far,Side,1
R_123YVnrORavW4At,Male,FromBelow,Near,Direct,5
R_123YVnrORavW4At,Male,FromBelow,Near,Side,5
R_123YVnrORavW4At,Male,Level,Near,Direct,4
R_123YVnrORavW4At,Male,Level,Far,Side,1
R_123YVnrORavW4At,Male,Level,Near,Side,5
R_123YVnrORavW4At,Male,Level,Far,Direct,1
R_123YVnrORavW4At,Male,FromBelow,Far,Side,5
R_123YVnrORavW4At,Male,FromBelow,Far,Direct,5
R_12bCqvtGGItk41k,Female,FromBelow,Near,Direct,3
R_12bCqvtGGItk41k,Female,FromBelow,Near,Side,3
R_12bCqvtGGItk41k,Female,Level,Near,Side,4
R_12bCqvtGGItk41k,Female,Level,Near,Direct,4
R_12bCqvtGGItk41k,Female,FromBelow,Far,Direct,4
R_12bCqvtGGItk41k,Female,FromBelow,Far,Side,4
R_12bCqvtGGItk41k,Female,Level,Far,Direct,4
R_12bCqvtGGItk41k,Female,Level,Far,Side,4
R_12bCqvtGGItk41k,Male,FromBelow,Near,Direct,3
R_12bCqvtGGItk41k,Male,FromBelow,Near,Side,3
R_12bCqvtGGItk41k,Male,Level,Near,Direct,4
R_12bCqvtGGItk41k,Male,Level,Far,Side,3
R_12bCqvtGGItk41k,Male,Level,Near,Side,4
R_12bCqvtGGItk41k,Male,Level,Far,Direct,4
R_12bCqvtGGItk41k,Male,FromBelow,Far,Side,3
R_12bCqvtGGItk41k,Male,FromBelow,Far,Direct,3
R_12M70a3TN80PMDU,Female,FromBelow,Near,Direct,5
R_12M70a3TN80PMDU,Female,FromBelow,Near,Side,5
R_12M70a3TN80PMDU,Female,Level,Near,Direct,3
R_12M70a3TN80PMDU,Female,FromBelow,Far,Direct,3
R_12M70a3TN80PMDU,Female,FromBelow,Far,Side,2
R_12M70a3TN80PMDU,Female,Level,Far,Direct,2
R_12M70a3TN80PMDU,Female,Level,Far,Side,2
R_12M70a3TN80PMDU,Male,FromBelow,Near,Direct,4
R_12M70a3TN80PMDU,Male,FromBelow,Near,Side,4
R_12M70a3TN80PMDU,Male,Level,Near,Direct,3
R_12M70a3TN80PMDU,Male,Level,Far,Side,2
R_12M70a3TN80PMDU,Male,Level,Near,Side,3
R_12M70a3TN80PMDU,Male,Level,Far,Direct,2
R_12M70a3TN80PMDU,Male,FromBelow,Far,Side,4
R_12M70a3TN80PMDU,Male,FromBelow,Far,Direct,4
R_1C3aEpbLrFrYrFm,Female,FromBelow,Near,Direct,5
R_1C3aEpbLrFrYrFm,Female,FromBelow,Near,Side,5
R_1C3aEpbLrFrYrFm,Female,Level,Near,Side,2
R_1C3aEpbLrFrYrFm,Female,Level,Near,Direct,2
R_1C3aEpbLrFrYrFm,Female,FromBelow,Far,Direct,2
R_1C3aEpbLrFrYrFm,Female,FromBelow,Far,Side,4
R_1C3aEpbLrFrYrFm,Female,Level,Far,Direct,1
R_1C3aEpbLrFrYrFm,Female,Level,Far,Side,2
R_1C3aEpbLrFrYrFm,Male,FromBelow,Near,Direct,4
R_1C3aEpbLrFrYrFm,Male,FromBelow,Near,Side,4
R_1C3aEpbLrFrYrFm,Male,Level,Near,Direct,1
R_1C3aEpbLrFrYrFm,Male,Level,Far,Side,2
R_1C3aEpbLrFrYrFm,Male,Level,Near,Side,2
R_1C3aEpbLrFrYrFm,Male,Level,Far,Direct,1
R_1C3aEpbLrFrYrFm,Male,FromBelow,Far,Side,4
R_1C3aEpbLrFrYrFm,Male,FromBelow,Far,Direct,5
R_1dBrQTFoMsZJYF5,Female,FromBelow,Near,Direct,5
R_1dBrQTFoMsZJYF5,Female,FromBelow,Near,Side,3
R_1dBrQTFoMsZJYF5,Female,Level,Near,Side,NA
R_1dBrQTFoMsZJYF5,Female,Level,Near,Direct,4
R_1dBrQTFoMsZJYF5,Female,FromBelow,Far,Direct,2
R_1dBrQTFoMsZJYF5,Female,FromBelow,Far,Side,3
R_1dBrQTFoMsZJYF5,Female,Level,Far,Direct,3
R_1dBrQTFoMsZJYF5,Female,Level,Far,Side,3
R_1dBrQTFoMsZJYF5,Male,FromBelow,Near,Direct,4
R_1dBrQTFoMsZJYF5,Male,FromBelow,Near,Side,5
R_1dBrQTFoMsZJYF5,Male,Level,Near,Direct,4
R_1dBrQTFoMsZJYF5,Male,Level,Far,Side,2
R_1dBrQTFoMsZJYF5,Male,Level,Near,Side,4
R_1dBrQTFoMsZJYF5,Male,Level,Far,Direct,2
R_1dBrQTFoMsZJYF5,Male,FromBelow,Far,Side,4
R_1dBrQTFoMsZJYF5,Male,FromBelow,Far,Direct,4
R_1dNdwKIhC7Fxjmw,Female,FromBelow,Near,Direct,2
R_1dNdwKIhC7Fxjmw,Female,FromBelow,Near,Side,2
R_1dNdwKIhC7Fxjmw,Female,Level,Near,Side,1
R_1dNdwKIhC7Fxjmw,Female,Level,Near,Direct,1
R_1dNdwKIhC7Fxjmw,Female,FromBelow,Far,Direct,1
R_1dNdwKIhC7Fxjmw,Female,FromBelow,Far,Side,2
R_1dNdwKIhC7Fxjmw,Female,Level,Far,Direct,1
R_1dNdwKIhC7Fxjmw,Female,Level,Far,Side,1
R_1dNdwKIhC7Fxjmw,Male,FromBelow,Near,Direct,1
R_1dNdwKIhC7Fxjmw,Male,FromBelow,Near,Side,1
R_1dNdwKIhC7Fxjmw,Male,Level,Near,Direct,1
R_1dNdwKIhC7Fxjmw,Male,Level,Far,Side,1
R_1dNdwKIhC7Fxjmw,Male,Level,Near,Side,1
R_1dNdwKIhC7Fxjmw,Male,Level,Far,Direct,1
R_1dNdwKIhC7Fxjmw,Male,FromBelow,Far,Side,1
R_1dNdwKIhC7Fxjmw,Male,FromBelow,Far,Direct,1
R_1fZrA518gyECX9l,Female,FromBelow,Near,Direct,5
R_1fZrA518gyECX9l,Female,FromBelow,Near,Side,5
R_1fZrA518gyECX9l,Female,Level,Near,Side,5
R_1fZrA518gyECX9l,Female,Level,Near,Direct,4
R_1fZrA518gyECX9l,Female,FromBelow,Far,Direct,4
R_1fZrA518gyECX9l,Female,FromBelow,Far,Side,4
R_1fZrA518gyECX9l,Female,Level,Far,Direct,5
R_1fZrA518gyECX9l,Female,Level,Far,Side,5
R_1fZrA518gyECX9l,Male,FromBelow,Near,Direct,4
R_1fZrA518gyECX9l,Male,FromBelow,Near,Side,5
R_1fZrA518gyECX9l,Male,Level,Near,Direct,5
R_1fZrA518gyECX9l,Male,Level,Far,Side,4
R_1fZrA518gyECX9l,Male,Level,Near,Side,4
R_1fZrA518gyECX9l,Male,Level,Far,Direct,5
R_1fZrA518gyECX9l,Male,FromBelow,Far,Side,5
R_1fZrA518gyECX9l,Male,FromBelow,Far,Direct,5
R_1GIhWzVqhMnCi8b,Female,FromBelow,Near,Direct,4
R_1GIhWzVqhMnCi8b,Female,FromBelow,Near,Side,3
R_1GIhWzVqhMnCi8b,Female,Level,Near,Side,3
R_1GIhWzVqhMnCi8b,Female,Level,Near,Direct,4
R_1GIhWzVqhMnCi8b,Female,FromBelow,Far,Direct,4
R_1GIhWzVqhMnCi8b,Female,FromBelow,Far,Side,4
R_1GIhWzVqhMnCi8b,Female,Level,Far,Direct,2
R_1GIhWzVqhMnCi8b,Female,Level,Far,Side,3
R_1GIhWzVqhMnCi8b,Male,FromBelow,Near,Direct,4
R_1GIhWzVqhMnCi8b,Male,FromBelow,Near,Side,3
R_1GIhWzVqhMnCi8b,Male,Level,Near,Direct,3
R_1GIhWzVqhMnCi8b,Male,Level,Far,Side,3
R_1GIhWzVqhMnCi8b,Male,Level,Near,Side,3
R_1GIhWzVqhMnCi8b,Male,Level,Far,Direct,2
R_1GIhWzVqhMnCi8b,Male,FromBelow,Far,Side,4
R_1GIhWzVqhMnCi8b,Male,FromBelow,Far,Direct,4
R_1hGz9zOBDq4tYcM,Female,FromBelow,Near,Direct,4
R_1hGz9zOBDq4tYcM,Female,FromBelow,Near,Side,5
R_1hGz9zOBDq4tYcM,Female,Level,Near,Side,1
R_1hGz9zOBDq4tYcM,Female,Level,Near,Direct,1
R_1hGz9zOBDq4tYcM,Female,FromBelow,Far,Direct,4
R_1hGz9zOBDq4tYcM,Female,FromBelow,Far,Side,3
R_1hGz9zOBDq4tYcM,Female,Level,Far,Direct,1
R_1hGz9zOBDq4tYcM,Female,Level,Far,Side,1
R_1hGz9zOBDq4tYcM,Male,FromBelow,Near,Direct,5
R_1hGz9zOBDq4tYcM,Male,FromBelow,Near,Side,5
R_1hGz9zOBDq4tYcM,Male,Level,Near,Direct,4
R_1hGz9zOBDq4tYcM,Male,Level,Far,Side,3
R_1hGz9zOBDq4tYcM,Male,Level,Near,Side,3
R_1hGz9zOBDq4tYcM,Male,Level,Far,Direct,3
R_1hGz9zOBDq4tYcM,Male,FromBelow,Far,Side,4
R_1hGz9zOBDq4tYcM,Male,FromBelow,Far,Direct,3
R_1hXCmpqv1umXASr,Female,FromBelow,Near,Direct,3
R_1hXCmpqv1umXASr,Female,FromBelow,Near,Side,2
R_1hXCmpqv1umXASr,Female,Level,Near,Side,3
R_1hXCmpqv1umXASr,Female,Level,Near,Direct,3
R_1hXCmpqv1umXASr,Female,FromBelow,Far,Direct,3
R_1hXCmpqv1umXASr,Female,FromBelow,Far,Side,4
R_1hXCmpqv1umXASr,Female,Level,Far,Direct,3
R_1hXCmpqv1umXASr,Female,Level,Far,Side,2
R_1hXCmpqv1umXASr,Male,FromBelow,Near,Direct,2
R_1hXCmpqv1umXASr,Male,FromBelow,Near,Side,2
R_1hXCmpqv1umXASr,Male,Level,Near,Direct,2
R_1hXCmpqv1umXASr,Male,Level,Far,Side,2
R_1hXCmpqv1umXASr,Male,Level,Near,Side,2
R_1hXCmpqv1umXASr,Male,Level,Far,Direct,2
R_1hXCmpqv1umXASr,Male,FromBelow,Far,Side,3
R_1hXCmpqv1umXASr,Male,FromBelow,Far,Direct,2
R_1i21XqWSOQfJU9J,Female,FromBelow,Near,Direct,2
R_1i21XqWSOQfJU9J,Female,FromBelow,Near,Side,2
R_1i21XqWSOQfJU9J,Female,Level,Near,Side,2
R_1i21XqWSOQfJU9J,Female,Level,Near,Direct,2
R_1i21XqWSOQfJU9J,Female,FromBelow,Far,Direct,2
R_1i21XqWSOQfJU9J,Female,FromBelow,Far,Side,2
R_1i21XqWSOQfJU9J,Female,Level,Far,Direct,2
R_1i21XqWSOQfJU9J,Female,Level,Far,Side,2
R_1i21XqWSOQfJU9J,Male,FromBelow,Near,Direct,2
R_1i21XqWSOQfJU9J,Male,FromBelow,Near,Side,2
R_1i21XqWSOQfJU9J,Male,Level,Near,Direct,2
R_1i21XqWSOQfJU9J,Male,Level,Far,Side,2
R_1i21XqWSOQfJU9J,Male,Level,Near,Side,2
R_1i21XqWSOQfJU9J,Male,Level,Far,Direct,2
R_1i21XqWSOQfJU9J,Male,FromBelow,Far,Side,2
R_1i21XqWSOQfJU9J,Male,FromBelow,Far,Direct,2
R_1i9iH771XaDWu9P,Female,FromBelow,Near,Direct,1
R_1i9iH771XaDWu9P,Female,FromBelow,Near,Side,1
R_1i9iH771XaDWu9P,Female,Level,Near,Side,1
R_1i9iH771XaDWu9P,Female,Level,Near,Direct,1
R_1i9iH771XaDWu9P,Female,FromBelow,Far,Direct,1
R_1i9iH771XaDWu9P,Female,FromBelow,Far,Side,1
R_1i9iH771XaDWu9P,Female,Level,Far,Direct,1
R_1i9iH771XaDWu9P,Female,Level,Far,Side,1
R_1i9iH771XaDWu9P,Male,FromBelow,Near,Direct,2
R_1i9iH771XaDWu9P,Male,FromBelow,Near,Side,2
R_1i9iH771XaDWu9P,Male,Level,Near,Direct,1
R_1i9iH771XaDWu9P,Male,Level,Far,Side,1
R_1i9iH771XaDWu9P,Male,Level,Near,Side,1
R_1i9iH771XaDWu9P,Male,Level,Far,Direct,1
R_1i9iH771XaDWu9P,Male,FromBelow,Far,Side,1
R_1i9iH771XaDWu9P,Male,FromBelow,Far,Direct,1
R_1JF7cvs4LA2XFHt,Female,FromBelow,Near,Direct,5
R_1JF7cvs4LA2XFHt,Female,FromBelow,Near,Side,5
R_1JF7cvs4LA2XFHt,Female,Level,Near,Side,2
R_1JF7cvs4LA2XFHt,Female,Level,Near,Direct,1
R_1JF7cvs4LA2XFHt,Female,FromBelow,Far,Direct,3
R_1JF7cvs4LA2XFHt,Female,FromBelow,Far,Side,2
R_1JF7cvs4LA2XFHt,Female,Level,Far,Direct,1
R_1JF7cvs4LA2XFHt,Female,Level,Far,Side,1
R_1JF7cvs4LA2XFHt,Male,FromBelow,Near,Direct,3
R_1JF7cvs4LA2XFHt,Male,FromBelow,Near,Side,2
R_1JF7cvs4LA2XFHt,Male,Level,Near,Direct,3
R_1JF7cvs4LA2XFHt,Male,Level,Far,Side,2
R_1JF7cvs4LA2XFHt,Male,Level,Near,Side,3
R_1JF7cvs4LA2XFHt,Male,Level,Far,Direct,2
R_1JF7cvs4LA2XFHt,Male,FromBelow,Far,Side,2
R_1JF7cvs4LA2XFHt,Male,FromBelow,Far,Direct,3
R_1LFMFOBvnRmfrWu,Female,FromBelow,Near,Direct,5
R_1LFMFOBvnRmfrWu,Female,FromBelow,Near,Side,4
R_1LFMFOBvnRmfrWu,Female,Level,Near,Side,3
R_1LFMFOBvnRmfrWu,Female,Level,Near,Direct,3
R_1LFMFOBvnRmfrWu,Female,FromBelow,Far,Direct,2
R_1LFMFOBvnRmfrWu,Female,FromBelow,Far,Side,4
R_1LFMFOBvnRmfrWu,Female,Level,Far,Direct,2
R_1LFMFOBvnRmfrWu,Female,Level,Far,Side,2
R_1LFMFOBvnRmfrWu,Male,FromBelow,Near,Direct,4
R_1LFMFOBvnRmfrWu,Male,FromBelow,Near,Side,4
R_1LFMFOBvnRmfrWu,Male,Level,Near,Direct,4
R_1LFMFOBvnRmfrWu,Male,Level,Far,Side,3
R_1LFMFOBvnRmfrWu,Male,Level,Near,Side,3
R_1LFMFOBvnRmfrWu,Male,Level,Far,Direct,3
R_1LFMFOBvnRmfrWu,Male,FromBelow,Far,Side,4
R_1LFMFOBvnRmfrWu,Male,FromBelow,Far,Direct,4
R_1od8oKRSYyRxu5C,Female,FromBelow,Near,Direct,2
R_1od8oKRSYyRxu5C,Female,FromBelow,Near,Side,4
R_1od8oKRSYyRxu5C,Female,Level,Near,Side,2
R_1od8oKRSYyRxu5C,Female,Level,Near,Direct,1
R_1od8oKRSYyRxu5C,Female,FromBelow,Far,Direct,1
R_1od8oKRSYyRxu5C,Female,FromBelow,Far,Side,4
R_1od8oKRSYyRxu5C,Female,Level,Far,Direct,4
R_1od8oKRSYyRxu5C,Female,Level,Far,Side,3
R_1od8oKRSYyRxu5C,Male,FromBelow,Near,Direct,4
R_1od8oKRSYyRxu5C,Male,FromBelow,Near,Side,4
R_1od8oKRSYyRxu5C,Male,Level,Near,Direct,4
R_1od8oKRSYyRxu5C,Male,Level,Far,Side,4
R_1od8oKRSYyRxu5C,Male,Level,Near,Side,2
R_1od8oKRSYyRxu5C,Male,Level,Far,Direct,2
R_1od8oKRSYyRxu5C,Male,FromBelow,Far,Side,3
R_1od8oKRSYyRxu5C,Male,FromBelow,Far,Direct,1
R_1PSkPuHnau283Gx,Female,FromBelow,Near,Direct,5
R_1PSkPuHnau283Gx,Female,FromBelow,Near,Side,5
R_1PSkPuHnau283Gx,Female,Level,Near,Side,1
R_1PSkPuHnau283Gx,Female,Level,Near,Direct,2
R_1PSkPuHnau283Gx,Female,FromBelow,Far,Direct,3
R_1PSkPuHnau283Gx,Female,FromBelow,Far,Side,4
R_1PSkPuHnau283Gx,Female,Level,Far,Direct,1
R_1PSkPuHnau283Gx,Female,Level,Far,Side,1
R_1PSkPuHnau283Gx,Male,FromBelow,Near,Direct,5
R_1PSkPuHnau283Gx,Male,FromBelow,Near,Side,5
R_1PSkPuHnau283Gx,Male,Level,Near,Direct,1
R_1PSkPuHnau283Gx,Male,Level,Far,Side,2
R_1PSkPuHnau283Gx,Male,Level,Near,Side,5
R_1PSkPuHnau283Gx,Male,Level,Far,Direct,1
R_1PSkPuHnau283Gx,Male,FromBelow,Far,Side,1
R_1PSkPuHnau283Gx,Male,FromBelow,Far,Direct,5
R_23ZZus9OsYFhKOc,Female,FromBelow,Near,Direct,4
R_23ZZus9OsYFhKOc,Female,FromBelow,Near,Side,5
R_23ZZus9OsYFhKOc,Female,Level,Near,Side,5
R_23ZZus9OsYFhKOc,Female,Level,Near,Direct,3
R_23ZZus9OsYFhKOc,Female,FromBelow,Far,Direct,1
R_23ZZus9OsYFhKOc,Female,FromBelow,Far,Side,1
R_23ZZus9OsYFhKOc,Female,Level,Far,Direct,1
R_23ZZus9OsYFhKOc,Female,Level,Far,Side,1
R_23ZZus9OsYFhKOc,Male,FromBelow,Near,Direct,5
R_23ZZus9OsYFhKOc,Male,FromBelow,Near,Side,4
R_23ZZus9OsYFhKOc,Male,Level,Near,Direct,4
R_23ZZus9OsYFhKOc,Male,Level,Far,Side,3
R_23ZZus9OsYFhKOc,Male,Level,Near,Side,5
R_23ZZus9OsYFhKOc,Male,Level,Far,Direct,2
R_23ZZus9OsYFhKOc,Male,FromBelow,Far,Side,5
R_23ZZus9OsYFhKOc,Male,FromBelow,Far,Direct,5
R_246Fupi32DMfN0d,Female,FromBelow,Near,Direct,4
R_246Fupi32DMfN0d,Female,FromBelow,Near,Side,4
R_246Fupi32DMfN0d,Female,Level,Near,Side,1
R_246Fupi32DMfN0d,Female,Level,Near,Direct,2
R_246Fupi32DMfN0d,Female,FromBelow,Far,Direct,2
R_246Fupi32DMfN0d,Female,FromBelow,Far,Side,2
R_246Fupi32DMfN0d,Female,Level,Far,Direct,1
R_246Fupi32DMfN0d,Female,Level,Far,Side,1
R_246Fupi32DMfN0d,Male,FromBelow,Near,Direct,1
R_246Fupi32DMfN0d,Male,FromBelow,Near,Side,2
R_246Fupi32DMfN0d,Male,Level,Near,Direct,1
R_246Fupi32DMfN0d,Male,Level,Far,Side,1
R_246Fupi32DMfN0d,Male,Level,Near,Side,2
R_246Fupi32DMfN0d,Male,Level,Far,Direct,1
R_246Fupi32DMfN0d,Male,FromBelow,Far,Side,2
R_246Fupi32DMfN0d,Male,FromBelow,Far,Direct,1
R_272JGvQ4Uxlp711,Female,FromBelow,Near,Direct,5
R_272JGvQ4Uxlp711,Female,FromBelow,Near,Side,4
R_272JGvQ4Uxlp711,Female,Level,Near,Side,2
R_272JGvQ4Uxlp711,Female,Level,Near,Direct,3
R_272JGvQ4Uxlp711,Female,FromBelow,Far,Direct,4
R_272JGvQ4Uxlp711,Female,FromBelow,Far,Side,3
R_272JGvQ4Uxlp711,Female,Level,Far,Direct,2
R_272JGvQ4Uxlp711,Female,Level,Far,Side,2
R_272JGvQ4Uxlp711,Male,FromBelow,Near,Direct,4
R_272JGvQ4Uxlp711,Male,FromBelow,Near,Side,4
R_272JGvQ4Uxlp711,Male,Level,Near,Direct,3
R_272JGvQ4Uxlp711,Male,Level,Far,Side,2
R_272JGvQ4Uxlp711,Male,Level,Near,Side,2
R_272JGvQ4Uxlp711,Male,Level,Far,Direct,2
R_272JGvQ4Uxlp711,Male,FromBelow,Far,Side,3
R_272JGvQ4Uxlp711,Male,FromBelow,Far,Direct,3
R_27C0VWPvKFaMbwO,Female,FromBelow,Near,Direct,5
R_27C0VWPvKFaMbwO,Female,FromBelow,Near,Side,5
R_27C0VWPvKFaMbwO,Female,Level,Near,Side,3
R_27C0VWPvKFaMbwO,Female,Level,Near,Direct,3
R_27C0VWPvKFaMbwO,Female,FromBelow,Far,Direct,3
R_27C0VWPvKFaMbwO,Female,FromBelow,Far,Side,3
R_27C0VWPvKFaMbwO,Female,Level,Far,Direct,1
R_27C0VWPvKFaMbwO,Female,Level,Far,Side,3
R_27C0VWPvKFaMbwO,Male,FromBelow,Near,Direct,4
R_27C0VWPvKFaMbwO,Male,FromBelow,Near,Side,3
R_27C0VWPvKFaMbwO,Male,Level,Near,Direct,2
R_27C0VWPvKFaMbwO,Male,Level,Far,Side,3
R_27C0VWPvKFaMbwO,Male,Level,Near,Side,4
R_27C0VWPvKFaMbwO,Male,Level,Far,Direct,1
R_27C0VWPvKFaMbwO,Male,FromBelow,Far,Side,3
R_27C0VWPvKFaMbwO,Male,FromBelow,Far,Direct,2
R_27qhK7Wt1OLxZKG,Female,FromBelow,Near,Direct,5
R_27qhK7Wt1OLxZKG,Female,FromBelow,Near,Side,5
R_27qhK7Wt1OLxZKG,Female,Level,Near,Side,5
R_27qhK7Wt1OLxZKG,Female,Level,Near,Direct,4
R_27qhK7Wt1OLxZKG,Female,FromBelow,Far,Direct,3
R_27qhK7Wt1OLxZKG,Female,FromBelow,Far,Side,3
R_27qhK7Wt1OLxZKG,Female,Level,Far,Direct,2
R_27qhK7Wt1OLxZKG,Female,Level,Far,Side,3
R_27qhK7Wt1OLxZKG,Male,FromBelow,Near,Direct,5
R_27qhK7Wt1OLxZKG,Male,FromBelow,Near,Side,5
R_27qhK7Wt1OLxZKG,Male,Level,Near,Direct,5
R_27qhK7Wt1OLxZKG,Male,Level,Far,Side,4
R_27qhK7Wt1OLxZKG,Male,Level,Near,Side,4
R_27qhK7Wt1OLxZKG,Male,Level,Far,Direct,4
R_27qhK7Wt1OLxZKG,Male,FromBelow,Far,Side,5
R_27qhK7Wt1OLxZKG,Male,FromBelow,Far,Direct,4
R_28YRE5THYfaTTRK,Female,FromBelow,Near,Direct,3
R_28YRE5THYfaTTRK,Female,FromBelow,Near,Side,2
R_28YRE5THYfaTTRK,Female,Level,Near,Side,3
R_28YRE5THYfaTTRK,Female,Level,Near,Direct,2
R_28YRE5THYfaTTRK,Female,FromBelow,Far,Direct,3
R_28YRE5THYfaTTRK,Female,FromBelow,Far,Side,2
R_28YRE5THYfaTTRK,Female,Level,Far,Direct,2
R_28YRE5THYfaTTRK,Female,Level,Far,Side,2
R_28YRE5THYfaTTRK,Male,FromBelow,Near,Direct,3
R_28YRE5THYfaTTRK,Male,FromBelow,Near,Side,3
R_28YRE5THYfaTTRK,Male,Level,Near,Direct,3
R_28YRE5THYfaTTRK,Male,Level,Far,Side,3
R_28YRE5THYfaTTRK,Male,Level,Near,Side,3
R_28YRE5THYfaTTRK,Male,Level,Far,Direct,2
R_28YRE5THYfaTTRK,Male,FromBelow,Far,Side,3
R_28YRE5THYfaTTRK,Male,FromBelow,Far,Direct,3
R_29icaQiDGTGrj6z,Female,FromBelow,Near,Direct,2
R_29icaQiDGTGrj6z,Female,FromBelow,Near,Side,3
R_29icaQiDGTGrj6z,Female,Level,Near,Side,3
R_29icaQiDGTGrj6z,Female,Level,Near,Direct,2
R_29icaQiDGTGrj6z,Female,FromBelow,Far,Direct,4
R_29icaQiDGTGrj6z,Female,FromBelow,Far,Side,3
R_29icaQiDGTGrj6z,Female,Level,Far,Direct,3
R_29icaQiDGTGrj6z,Female,Level,Far,Side,4
R_29icaQiDGTGrj6z,Male,FromBelow,Near,Direct,3
R_29icaQiDGTGrj6z,Male,FromBelow,Near,Side,2
R_29icaQiDGTGrj6z,Male,Level,Near,Direct,5
R_29icaQiDGTGrj6z,Male,Level,Far,Side,3
R_29icaQiDGTGrj6z,Male,Level,Near,Side,2
R_29icaQiDGTGrj6z,Male,Level,Far,Direct,4
R_29icaQiDGTGrj6z,Male,FromBelow,Far,Side,3
R_29icaQiDGTGrj6z,Male,FromBelow,Far,Direct,2
R_2ALtXuQ76UOth9h,Female,FromBelow,Near,Direct,5
R_2ALtXuQ76UOth9h,Female,FromBelow,Near,Side,5
R_2ALtXuQ76UOth9h,Female,Level,Near,Side,2
R_2ALtXuQ76UOth9h,Female,Level,Near,Direct,2
R_2ALtXuQ76UOth9h,Female,FromBelow,Far,Direct,4
R_2ALtXuQ76UOth9h,Female,FromBelow,Far,Side,4
R_2ALtXuQ76UOth9h,Female,Level,Far,Direct,2
R_2ALtXuQ76UOth9h,Female,Level,Far,Side,1
R_2ALtXuQ76UOth9h,Male,FromBelow,Near,Direct,5
R_2ALtXuQ76UOth9h,Male,FromBelow,Near,Side,4
R_2ALtXuQ76UOth9h,Male,Level,Near,Direct,2
R_2ALtXuQ76UOth9h,Male,Level,Far,Side,2
R_2ALtXuQ76UOth9h,Male,Level,Near,Side,2
R_2ALtXuQ76UOth9h,Male,Level,Far,Direct,2
R_2ALtXuQ76UOth9h,Male,FromBelow,Far,Side,4
R_2ALtXuQ76UOth9h,Male,FromBelow,Far,Direct,5
R_2BzgBW9Smd1WgqE,Female,FromBelow,Near,Direct,2
R_2BzgBW9Smd1WgqE,Female,FromBelow,Near,Side,2
R_2BzgBW9Smd1WgqE,Female,Level,Near,Side,3
R_2BzgBW9Smd1WgqE,Female,Level,Near,Direct,3
R_2BzgBW9Smd1WgqE,Female,FromBelow,Far,Direct,3
R_2BzgBW9Smd1WgqE,Female,FromBelow,Far,Side,3
R_2BzgBW9Smd1WgqE,Female,Level,Far,Direct,4
R_2BzgBW9Smd1WgqE,Female,Level,Far,Side,2
R_2BzgBW9Smd1WgqE,Male,FromBelow,Near,Direct,3
R_2BzgBW9Smd1WgqE,Male,FromBelow,Near,Side,3
R_2BzgBW9Smd1WgqE,Male,Level,Near,Direct,3
R_2BzgBW9Smd1WgqE,Male,Level,Far,Side,4
R_2BzgBW9Smd1WgqE,Male,Level,Near,Side,3
R_2BzgBW9Smd1WgqE,Male,Level,Far,Direct,4
R_2BzgBW9Smd1WgqE,Male,FromBelow,Far,Side,2
R_2BzgBW9Smd1WgqE,Male,FromBelow,Far,Direct,3
R_2CfzT1qBdTQaS2r,Female,FromBelow,Near,Direct,3
R_2CfzT1qBdTQaS2r,Female,FromBelow,Near,Side,4
R_2CfzT1qBdTQaS2r,Female,Level,Near,Side,3
R_2CfzT1qBdTQaS2r,Female,Level,Near,Direct,3
R_2CfzT1qBdTQaS2r,Female,FromBelow,Far,Direct,3
R_2CfzT1qBdTQaS2r,Female,FromBelow,Far,Side,4
R_2CfzT1qBdTQaS2r,Female,Level,Far,Direct,3
R_2CfzT1qBdTQaS2r,Female,Level,Far,Side,2
R_2CfzT1qBdTQaS2r,Male,FromBelow,Near,Direct,5
R_2CfzT1qBdTQaS2r,Male,FromBelow,Near,Side,3
R_2CfzT1qBdTQaS2r,Male,Level,Near,Direct,3
R_2CfzT1qBdTQaS2r,Male,Level,Far,Side,3
R_2CfzT1qBdTQaS2r,Male,Level,Near,Side,3
R_2CfzT1qBdTQaS2r,Male,Level,Far,Direct,3
R_2CfzT1qBdTQaS2r,Male,FromBelow,Far,Side,4
R_2CfzT1qBdTQaS2r,Male,FromBelow,Far,Direct,3
R_2CxDAU8SWkAXkcY,Female,FromBelow,Near,Direct,3
R_2CxDAU8SWkAXkcY,Female,FromBelow,Near,Side,2
R_2CxDAU8SWkAXkcY,Female,Level,Near,Side,3
R_2CxDAU8SWkAXkcY,Female,Level,Near,Direct,4
R_2CxDAU8SWkAXkcY,Female,FromBelow,Far,Direct,4
R_2CxDAU8SWkAXkcY,Female,FromBelow,Far,Side,3
R_2CxDAU8SWkAXkcY,Female,Level,Far,Direct,4
R_2CxDAU8SWkAXkcY,Female,Level,Far,Side,2
R_2CxDAU8SWkAXkcY,Male,FromBelow,Near,Direct,4
R_2CxDAU8SWkAXkcY,Male,FromBelow,Near,Side,4
R_2CxDAU8SWkAXkcY,Male,Level,Near,Direct,4
R_2CxDAU8SWkAXkcY,Male,Level,Far,Side,4
R_2CxDAU8SWkAXkcY,Male,Level,Near,Side,4
R_2CxDAU8SWkAXkcY,Male,Level,Far,Direct,3
R_2CxDAU8SWkAXkcY,Male,FromBelow,Far,Side,4
R_2CxDAU8SWkAXkcY,Male,FromBelow,Far,Direct,4
R_2ea56HhLGbKcsZa,Female,FromBelow,Near,Direct,5
R_2ea56HhLGbKcsZa,Female,FromBelow,Near,Side,5
R_2ea56HhLGbKcsZa,Female,Level,Near,Side,5
R_2ea56HhLGbKcsZa,Female,Level,Near,Direct,5
R_2ea56HhLGbKcsZa,Female,FromBelow,Far,Direct,1
R_2ea56HhLGbKcsZa,Female,FromBelow,Far,Side,5
R_2ea56HhLGbKcsZa,Female,Level,Far,Direct,1
R_2ea56HhLGbKcsZa,Female,Level,Far,Side,1
R_2ea56HhLGbKcsZa,Male,FromBelow,Near,Direct,1
R_2ea56HhLGbKcsZa,Male,FromBelow,Near,Side,1
R_2ea56HhLGbKcsZa,Male,Level,Near,Direct,4
R_2ea56HhLGbKcsZa,Male,Level,Far,Side,1
R_2ea56HhLGbKcsZa,Male,Level,Near,Side,1
R_2ea56HhLGbKcsZa,Male,Level,Far,Direct,1
R_2ea56HhLGbKcsZa,Male,FromBelow,Far,Side,1
R_2ea56HhLGbKcsZa,Male,FromBelow,Far,Direct,1
R_2eOL0vpqVUj3fHE,Female,FromBelow,Near,Direct,3
R_2eOL0vpqVUj3fHE,Female,FromBelow,Near,Side,4
R_2eOL0vpqVUj3fHE,Female,Level,Near,Side,2
R_2eOL0vpqVUj3fHE,Female,Level,Near,Direct,2
R_2eOL0vpqVUj3fHE,Female,FromBelow,Far,Direct,2
R_2eOL0vpqVUj3fHE,Female,FromBelow,Far,Side,2
R_2eOL0vpqVUj3fHE,Female,Level,Far,Direct,2
R_2eOL0vpqVUj3fHE,Female,Level,Far,Side,2
R_2eOL0vpqVUj3fHE,Male,FromBelow,Near,Direct,2
R_2eOL0vpqVUj3fHE,Male,FromBelow,Near,Side,3
R_2eOL0vpqVUj3fHE,Male,Level,Near,Direct,2
R_2eOL0vpqVUj3fHE,Male,Level,Far,Side,2
R_2eOL0vpqVUj3fHE,Male,Level,Near,Side,2
R_2eOL0vpqVUj3fHE,Male,Level,Far,Direct,3
R_2eOL0vpqVUj3fHE,Male,FromBelow,Far,Side,2
R_2eOL0vpqVUj3fHE,Male,FromBelow,Far,Direct,2
R_2q4dytaeil6UAgd,Female,FromBelow,Near,Direct,3
R_2q4dytaeil6UAgd,Female,FromBelow,Near,Side,3
R_2q4dytaeil6UAgd,Female,Level,Near,Side,3
R_2q4dytaeil6UAgd,Female,Level,Near,Direct,3
R_2q4dytaeil6UAgd,Female,FromBelow,Far,Direct,3
R_2q4dytaeil6UAgd,Female,FromBelow,Far,Side,3
R_2q4dytaeil6UAgd,Female,Level,Far,Direct,3
R_2q4dytaeil6UAgd,Female,Level,Far,Side,3
R_2q4dytaeil6UAgd,Male,FromBelow,Near,Direct,3
R_2q4dytaeil6UAgd,Male,FromBelow,Near,Side,3
R_2q4dytaeil6UAgd,Male,Level,Near,Direct,3
R_2q4dytaeil6UAgd,Male,Level,Far,Side,3
R_2q4dytaeil6UAgd,Male,Level,Near,Side,3
R_2q4dytaeil6UAgd,Male,Level,Far,Direct,3
R_2q4dytaeil6UAgd,Male,FromBelow,Far,Side,4
R_2q4dytaeil6UAgd,Male,FromBelow,Far,Direct,3
R_2RVyoQU8YJUBP6C,Female,FromBelow,Near,Direct,1
R_2RVyoQU8YJUBP6C,Female,FromBelow,Near,Side,1
R_2RVyoQU8YJUBP6C,Female,Level,Near,Side,1
R_2RVyoQU8YJUBP6C,Female,Level,Near,Direct,1
R_2RVyoQU8YJUBP6C,Female,FromBelow,Far,Direct,1
R_2RVyoQU8YJUBP6C,Female,FromBelow,Far,Side,2
R_2RVyoQU8YJUBP6C,Female,Level,Far,Direct,2
R_2RVyoQU8YJUBP6C,Female,Level,Far,Side,1
R_2RVyoQU8YJUBP6C,Male,FromBelow,Near,Direct,4
R_2RVyoQU8YJUBP6C,Male,FromBelow,Near,Side,4
R_2RVyoQU8YJUBP6C,Male,Level,Near,Direct,3
R_2RVyoQU8YJUBP6C,Male,Level,Far,Side,2
R_2RVyoQU8YJUBP6C,Male,Level,Near,Side,4
R_2RVyoQU8YJUBP6C,Male,Level,Far,Direct,3
R_2RVyoQU8YJUBP6C,Male,FromBelow,Far,Side,3
R_2RVyoQU8YJUBP6C,Male,FromBelow,Far,Direct,4
R_2tzlw5otMTc90SI,Female,FromBelow,Near,Direct,4
R_2tzlw5otMTc90SI,Female,FromBelow,Near,Side,4
R_2tzlw5otMTc90SI,Female,Level,Near,Side,4
R_2tzlw5otMTc90SI,Female,Level,Near,Direct,4
R_2tzlw5otMTc90SI,Female,FromBelow,Far,Direct,1
R_2tzlw5otMTc90SI,Female,FromBelow,Far,Side,1
R_2tzlw5otMTc90SI,Female,Level,Far,Direct,1
R_2tzlw5otMTc90SI,Female,Level,Far,Side,1
R_2tzlw5otMTc90SI,Male,FromBelow,Near,Direct,1
R_2tzlw5otMTc90SI,Male,FromBelow,Near,Side,1
R_2tzlw5otMTc90SI,Male,Level,Near,Direct,1
R_2tzlw5otMTc90SI,Male,Level,Far,Side,1
R_2tzlw5otMTc90SI,Male,Level,Near,Side,1
R_2tzlw5otMTc90SI,Male,Level,Far,Direct,1
R_2tzlw5otMTc90SI,Male,FromBelow,Far,Side,1
R_2tzlw5otMTc90SI,Male,FromBelow,Far,Direct,1
R_2UfkkFrj5qxz7ot,Female,FromBelow,Near,Direct,2
R_2UfkkFrj5qxz7ot,Female,FromBelow,Near,Side,4
R_2UfkkFrj5qxz7ot,Female,Level,Near,Side,1
R_2UfkkFrj5qxz7ot,Female,Level,Near,Direct,2
R_2UfkkFrj5qxz7ot,Female,FromBelow,Far,Direct,1
R_2UfkkFrj5qxz7ot,Female,FromBelow,Far,Side,1
R_2UfkkFrj5qxz7ot,Female,Level,Far,Direct,1
R_2UfkkFrj5qxz7ot,Female,Level,Far,Side,1
R_2UfkkFrj5qxz7ot,Male,FromBelow,Near,Direct,2
R_2UfkkFrj5qxz7ot,Male,FromBelow,Near,Side,1
R_2UfkkFrj5qxz7ot,Male,Level,Near,Direct,1
R_2UfkkFrj5qxz7ot,Male,Level,Far,Side,1
R_2UfkkFrj5qxz7ot,Male,Level,Near,Side,1
R_2UfkkFrj5qxz7ot,Male,Level,Far,Direct,1
R_2UfkkFrj5qxz7ot,Male,FromBelow,Far,Side,1
R_2UfkkFrj5qxz7ot,Male,FromBelow,Far,Direct,2
R_2vdGv9dY5MRPptn,Female,FromBelow,Near,Direct,5
R_2vdGv9dY5MRPptn,Female,FromBelow,Near,Side,4
R_2vdGv9dY5MRPptn,Female,Level,Near,Side,2
R_2vdGv9dY5MRPptn,Female,Level,Near,Direct,2
R_2vdGv9dY5MRPptn,Female,FromBelow,Far,Direct,2
R_2vdGv9dY5MRPptn,Female,FromBelow,Far,Side,4
R_2vdGv9dY5MRPptn,Female,Level,Far,Direct,2
R_2vdGv9dY5MRPptn,Female,Level,Far,Side,2
R_2vdGv9dY5MRPptn,Male,FromBelow,Near,Direct,5
R_2vdGv9dY5MRPptn,Male,FromBelow,Near,Side,5
R_2vdGv9dY5MRPptn,Male,Level,Near,Direct,2
R_2vdGv9dY5MRPptn,Male,Level,Far,Side,2
R_2vdGv9dY5MRPptn,Male,Level,Near,Side,2
R_2vdGv9dY5MRPptn,Male,Level,Far,Direct,2
R_2vdGv9dY5MRPptn,Male,FromBelow,Far,Side,4
R_2vdGv9dY5MRPptn,Male,FromBelow,Far,Direct,4
R_2VxWXaAuMMPuT5e,Female,FromBelow,Near,Direct,2
R_2VxWXaAuMMPuT5e,Female,FromBelow,Near,Side,1
R_2VxWXaAuMMPuT5e,Female,Level,Near,Side,2
R_2VxWXaAuMMPuT5e,Female,Level,Near,Direct,2
R_2VxWXaAuMMPuT5e,Female,FromBelow,Far,Direct,2
R_2VxWXaAuMMPuT5e,Female,FromBelow,Far,Side,2
R_2VxWXaAuMMPuT5e,Female,Level,Far,Direct,2
R_2VxWXaAuMMPuT5e,Female,Level,Far,Side,2
R_2VxWXaAuMMPuT5e,Male,FromBelow,Near,Direct,2
R_2VxWXaAuMMPuT5e,Male,FromBelow,Near,Side,2
R_2VxWXaAuMMPuT5e,Male,Level,Near,Direct,3
R_2VxWXaAuMMPuT5e,Male,Level,Far,Side,2
R_2VxWXaAuMMPuT5e,Male,Level,Near,Side,2
R_2VxWXaAuMMPuT5e,Male,Level,Far,Direct,2
R_2VxWXaAuMMPuT5e,Male,FromBelow,Far,Side,1
R_2VxWXaAuMMPuT5e,Male,FromBelow,Far,Direct,1
R_2X70z6kMctAN5GW,Female,FromBelow,Near,Direct,5
R_2X70z6kMctAN5GW,Female,FromBelow,Near,Side,2
R_2X70z6kMctAN5GW,Female,Level,Near,Side,2
R_2X70z6kMctAN5GW,Female,Level,Near,Direct,1
R_2X70z6kMctAN5GW,Female,FromBelow,Far,Direct,2
R_2X70z6kMctAN5GW,Female,FromBelow,Far,Side,2
R_2X70z6kMctAN5GW,Female,Level,Far,Direct,1
R_2X70z6kMctAN5GW,Female,Level,Far,Side,1
R_2X70z6kMctAN5GW,Male,FromBelow,Near,Direct,1
R_2X70z6kMctAN5GW,Male,FromBelow,Near,Side,4
R_2X70z6kMctAN5GW,Male,Level,Near,Direct,1
R_2X70z6kMctAN5GW,Male,Level,Far,Side,2
R_2X70z6kMctAN5GW,Male,Level,Near,Side,3
R_2X70z6kMctAN5GW,Male,Level,Far,Direct,1
R_2X70z6kMctAN5GW,Male,FromBelow,Far,Side,2
R_2X70z6kMctAN5GW,Male,FromBelow,Far,Direct,1
R_2xOZjcMIV5oaRLV,Female,FromBelow,Near,Direct,2
R_2xOZjcMIV5oaRLV,Female,FromBelow,Near,Side,4
R_2xOZjcMIV5oaRLV,Female,Level,Near,Side,4
R_2xOZjcMIV5oaRLV,Female,Level,Near,Direct,5
R_2xOZjcMIV5oaRLV,Female,FromBelow,Far,Direct,2
R_2xOZjcMIV5oaRLV,Female,FromBelow,Far,Side,4
R_2xOZjcMIV5oaRLV,Female,Level,Far,Direct,3
R_2xOZjcMIV5oaRLV,Female,Level,Far,Side,2
R_2xOZjcMIV5oaRLV,Male,FromBelow,Near,Direct,4
R_2xOZjcMIV5oaRLV,Male,FromBelow,Near,Side,4
R_2xOZjcMIV5oaRLV,Male,Level,Near,Direct,4
R_2xOZjcMIV5oaRLV,Male,Level,Far,Side,5
R_2xOZjcMIV5oaRLV,Male,Level,Near,Side,4
R_2xOZjcMIV5oaRLV,Male,Level,Far,Direct,4
R_2xOZjcMIV5oaRLV,Male,FromBelow,Far,Side,3
R_2xOZjcMIV5oaRLV,Male,FromBelow,Far,Direct,4
R_2YFzC5dpfgglctm,Female,FromBelow,Near,Direct,3
R_2YFzC5dpfgglctm,Female,FromBelow,Near,Side,3
R_2YFzC5dpfgglctm,Female,Level,Near,Side,2
R_2YFzC5dpfgglctm,Female,Level,Near,Direct,3
R_2YFzC5dpfgglctm,Female,FromBelow,Far,Direct,3
R_2YFzC5dpfgglctm,Female,FromBelow,Far,Side,3
R_2YFzC5dpfgglctm,Female,Level,Far,Direct,1
R_2YFzC5dpfgglctm,Female,Level,Far,Side,2
R_2YFzC5dpfgglctm,Male,FromBelow,Near,Direct,4
R_2YFzC5dpfgglctm,Male,FromBelow,Near,Side,3
R_2YFzC5dpfgglctm,Male,Level,Near,Direct,2
R_2YFzC5dpfgglctm,Male,Level,Far,Side,3
R_2YFzC5dpfgglctm,Male,Level,Near,Side,3
R_2YFzC5dpfgglctm,Male,Level,Far,Direct,2
R_2YFzC5dpfgglctm,Male,FromBelow,Far,Side,4
R_2YFzC5dpfgglctm,Male,FromBelow,Far,Direct,4
R_2YQdwV3cb9knevH,Female,FromBelow,Near,Direct,3
R_2YQdwV3cb9knevH,Female,FromBelow,Near,Side,4
R_2YQdwV3cb9knevH,Female,Level,Near,Side,3
R_2YQdwV3cb9knevH,Female,Level,Near,Direct,3
R_2YQdwV3cb9knevH,Female,FromBelow,Far,Direct,3
R_2YQdwV3cb9knevH,Female,FromBelow,Far,Side,3
R_2YQdwV3cb9knevH,Female,Level,Far,Direct,1
R_2YQdwV3cb9knevH,Female,Level,Far,Side,4
R_2YQdwV3cb9knevH,Male,FromBelow,Near,Direct,5
R_2YQdwV3cb9knevH,Male,FromBelow,Near,Side,5
R_2YQdwV3cb9knevH,Male,Level,Near,Direct,3
R_2YQdwV3cb9knevH,Male,Level,Far,Side,3
R_2YQdwV3cb9knevH,Male,Level,Near,Side,4
R_2YQdwV3cb9knevH,Male,Level,Far,Direct,2
R_2YQdwV3cb9knevH,Male,FromBelow,Far,Side,5
R_2YQdwV3cb9knevH,Male,FromBelow,Far,Direct,5
R_2zC7TeBqeKUpOum,Female,FromBelow,Near,Direct,2
R_2zC7TeBqeKUpOum,Female,FromBelow,Near,Side,2
R_2zC7TeBqeKUpOum,Female,Level,Near,Side,2
R_2zC7TeBqeKUpOum,Female,Level,Near,Direct,2
R_2zC7TeBqeKUpOum,Female,FromBelow,Far,Direct,2
R_2zC7TeBqeKUpOum,Female,FromBelow,Far,Side,2
R_2zC7TeBqeKUpOum,Female,Level,Far,Direct,2
R_2zC7TeBqeKUpOum,Female,Level,Far,Side,2
R_2zC7TeBqeKUpOum,Male,FromBelow,Near,Direct,2
R_2zC7TeBqeKUpOum,Male,FromBelow,Near,Side,4
R_2zC7TeBqeKUpOum,Male,Level,Near,Direct,2
R_2zC7TeBqeKUpOum,Male,Level,Far,Side,2
R_2zC7TeBqeKUpOum,Male,Level,Near,Side,2
R_2zC7TeBqeKUpOum,Male,Level,Far,Direct,2
R_2zC7TeBqeKUpOum,Male,FromBelow,Far,Side,2
R_2zC7TeBqeKUpOum,Male,FromBelow,Far,Direct,2
R_2zpFM0qAq2X28XT,Female,FromBelow,Near,Direct,4
R_2zpFM0qAq2X28XT,Female,FromBelow,Near,Side,4
R_2zpFM0qAq2X28XT,Female,Level,Near,Side,3
R_2zpFM0qAq2X28XT,Female,Level,Near,Direct,4
R_2zpFM0qAq2X28XT,Female,FromBelow,Far,Direct,4
R_2zpFM0qAq2X28XT,Female,FromBelow,Far,Side,3
R_2zpFM0qAq2X28XT,Female,Level,Far,Direct,4
R_2zpFM0qAq2X28XT,Female,Level,Far,Side,3
R_2zpFM0qAq2X28XT,Male,FromBelow,Near,Direct,4
R_2zpFM0qAq2X28XT,Male,FromBelow,Near,Side,3
R_2zpFM0qAq2X28XT,Male,Level,Near,Direct,4
R_2zpFM0qAq2X28XT,Male,Level,Far,Side,4
R_2zpFM0qAq2X28XT,Male,Level,Near,Side,3
R_2zpFM0qAq2X28XT,Male,Level,Far,Direct,3
R_2zpFM0qAq2X28XT,Male,FromBelow,Far,Side,4
R_2zpFM0qAq2X28XT,Male,FromBelow,Far,Direct,4
R_307eJixojWVXKNu,Female,FromBelow,Near,Direct,4
R_307eJixojWVXKNu,Female,FromBelow,Near,Side,4
R_307eJixojWVXKNu,Female,Level,Near,Side,4
R_307eJixojWVXKNu,Female,Level,Near,Direct,2
R_307eJixojWVXKNu,Female,FromBelow,Far,Direct,1
R_307eJixojWVXKNu,Female,FromBelow,Far,Side,2
R_307eJixojWVXKNu,Female,Level,Far,Direct,1
R_307eJixojWVXKNu,Female,Level,Far,Side,4
R_307eJixojWVXKNu,Male,FromBelow,Near,Direct,5
R_307eJixojWVXKNu,Male,FromBelow,Near,Side,5
R_307eJixojWVXKNu,Male,Level,Near,Direct,2
R_307eJixojWVXKNu,Male,Level,Far,Side,2
R_307eJixojWVXKNu,Male,Level,Near,Side,4
R_307eJixojWVXKNu,Male,Level,Far,Direct,2
R_307eJixojWVXKNu,Male,FromBelow,Far,Side,4
R_307eJixojWVXKNu,Male,FromBelow,Far,Direct,4
R_31BKSyfa64HP1wN,Female,FromBelow,Near,Direct,2
R_31BKSyfa64HP1wN,Female,FromBelow,Near,Side,2
R_31BKSyfa64HP1wN,Female,Level,Near,Side,2
R_31BKSyfa64HP1wN,Female,Level,Near,Direct,2
R_31BKSyfa64HP1wN,Female,FromBelow,Far,Direct,1
R_31BKSyfa64HP1wN,Female,FromBelow,Far,Side,1
R_31BKSyfa64HP1wN,Female,Level,Far,Direct,2
R_31BKSyfa64HP1wN,Female,Level,Far,Side,2
R_31BKSyfa64HP1wN,Male,FromBelow,Near,Direct,5
R_31BKSyfa64HP1wN,Male,FromBelow,Near,Side,4
R_31BKSyfa64HP1wN,Male,Level,Near,Direct,4
R_31BKSyfa64HP1wN,Male,Level,Far,Side,4
R_31BKSyfa64HP1wN,Male,Level,Near,Side,4
R_31BKSyfa64HP1wN,Male,Level,Far,Direct,4
R_31BKSyfa64HP1wN,Male,FromBelow,Far,Side,4
R_31BKSyfa64HP1wN,Male,FromBelow,Far,Direct,5
R_33124kOdAIU7j6T,Female,FromBelow,Near,Direct,4
R_33124kOdAIU7j6T,Female,FromBelow,Near,Side,4
R_33124kOdAIU7j6T,Female,Level,Near,Side,4
R_33124kOdAIU7j6T,Female,Level,Near,Direct,4
R_33124kOdAIU7j6T,Female,FromBelow,Far,Direct,3
R_33124kOdAIU7j6T,Female,FromBelow,Far,Side,4
R_33124kOdAIU7j6T,Female,Level,Far,Direct,2
R_33124kOdAIU7j6T,Female,Level,Far,Side,2
R_33124kOdAIU7j6T,Male,FromBelow,Near,Direct,2
R_33124kOdAIU7j6T,Male,FromBelow,Near,Side,2
R_33124kOdAIU7j6T,Male,Level,Near,Direct,2
R_33124kOdAIU7j6T,Male,Level,Far,Side,2
R_33124kOdAIU7j6T,Male,Level,Near,Side,3
R_33124kOdAIU7j6T,Male,Level,Far,Direct,2
R_33124kOdAIU7j6T,Male,FromBelow,Far,Side,2
R_33124kOdAIU7j6T,Male,FromBelow,Far,Direct,2
R_333EFWAXpLK43Lg,Female,FromBelow,Near,Direct,4
R_333EFWAXpLK43Lg,Female,FromBelow,Near,Side,4
R_333EFWAXpLK43Lg,Female,Level,Near,Side,4
R_333EFWAXpLK43Lg,Female,Level,Near,Direct,1
R_333EFWAXpLK43Lg,Female,FromBelow,Far,Direct,1
R_333EFWAXpLK43Lg,Female,FromBelow,Far,Side,1
R_333EFWAXpLK43Lg,Female,Level,Far,Direct,1
R_333EFWAXpLK43Lg,Female,Level,Far,Side,1
R_333EFWAXpLK43Lg,Male,FromBelow,Near,Direct,4
R_333EFWAXpLK43Lg,Male,FromBelow,Near,Side,4
R_333EFWAXpLK43Lg,Male,Level,Near,Direct,4
R_333EFWAXpLK43Lg,Male,Level,Far,Side,4
R_333EFWAXpLK43Lg,Male,Level,Near,Side,4
R_333EFWAXpLK43Lg,Male,Level,Far,Direct,4
R_333EFWAXpLK43Lg,Male,FromBelow,Far,Side,4
R_333EFWAXpLK43Lg,Male,FromBelow,Far,Direct,4
R_33a5WWY8JQfwypP,Female,FromBelow,Near,Direct,2
R_33a5WWY8JQfwypP,Female,FromBelow,Near,Side,2
R_33a5WWY8JQfwypP,Female,Level,Near,Side,4
R_33a5WWY8JQfwypP,Female,Level,Near,Direct,1
R_33a5WWY8JQfwypP,Female,FromBelow,Far,Direct,2
R_33a5WWY8JQfwypP,Female,FromBelow,Far,Side,3
R_33a5WWY8JQfwypP,Female,Level,Far,Direct,2
R_33a5WWY8JQfwypP,Female,Level,Far,Side,1
R_33a5WWY8JQfwypP,Male,FromBelow,Near,Direct,4
R_33a5WWY8JQfwypP,Male,FromBelow,Near,Side,4
R_33a5WWY8JQfwypP,Male,Level,Near,Direct,3
R_33a5WWY8JQfwypP,Male,Level,Far,Side,2
R_33a5WWY8JQfwypP,Male,Level,Near,Side,3
R_33a5WWY8JQfwypP,Male,Level,Far,Direct,3
R_33a5WWY8JQfwypP,Male,FromBelow,Far,Side,2
R_33a5WWY8JQfwypP,Male,FromBelow,Far,Direct,1
R_33rKW4ymu1RZVgT,Female,FromBelow,Near,Direct,3
R_33rKW4ymu1RZVgT,Female,FromBelow,Near,Side,5
R_33rKW4ymu1RZVgT,Female,Level,Near,Side,1
R_33rKW4ymu1RZVgT,Female,Level,Near,Direct,4
R_33rKW4ymu1RZVgT,Female,FromBelow,Far,Direct,3
R_33rKW4ymu1RZVgT,Female,FromBelow,Far,Side,2
R_33rKW4ymu1RZVgT,Female,Level,Far,Direct,2
R_33rKW4ymu1RZVgT,Female,Level,Far,Side,1
R_33rKW4ymu1RZVgT,Male,FromBelow,Near,Direct,5
R_33rKW4ymu1RZVgT,Male,FromBelow,Near,Side,4
R_33rKW4ymu1RZVgT,Male,Level,Near,Direct,3
R_33rKW4ymu1RZVgT,Male,Level,Far,Side,2
R_33rKW4ymu1RZVgT,Male,Level,Near,Side,4
R_33rKW4ymu1RZVgT,Male,Level,Far,Direct,1
R_33rKW4ymu1RZVgT,Male,FromBelow,Far,Side,1
R_33rKW4ymu1RZVgT,Male,FromBelow,Far,Direct,5
R_3D10ywdrVB3JCeO,Female,FromBelow,Near,Direct,5
R_3D10ywdrVB3JCeO,Female,FromBelow,Near,Side,5
R_3D10ywdrVB3JCeO,Female,Level,Near,Side,2
R_3D10ywdrVB3JCeO,Female,Level,Near,Direct,1
R_3D10ywdrVB3JCeO,Female,FromBelow,Far,Direct,4
R_3D10ywdrVB3JCeO,Female,FromBelow,Far,Side,4
R_3D10ywdrVB3JCeO,Female,Level,Far,Direct,1
R_3D10ywdrVB3JCeO,Female,Level,Far,Side,1
R_3D10ywdrVB3JCeO,Male,FromBelow,Near,Direct,5
R_3D10ywdrVB3JCeO,Male,FromBelow,Near,Side,5
R_3D10ywdrVB3JCeO,Male,Level,Near,Direct,3
R_3D10ywdrVB3JCeO,Male,Level,Far,Side,1
R_3D10ywdrVB3JCeO,Male,Level,Near,Side,4
R_3D10ywdrVB3JCeO,Male,Level,Far,Direct,1
R_3D10ywdrVB3JCeO,Male,FromBelow,Far,Side,5
R_3D10ywdrVB3JCeO,Male,FromBelow,Far,Direct,5
R_3ElNoMxhJ5mg9aa,Female,FromBelow,Near,Direct,4
R_3ElNoMxhJ5mg9aa,Female,FromBelow,Near,Side,4
R_3ElNoMxhJ5mg9aa,Female,Level,Near,Side,4
R_3ElNoMxhJ5mg9aa,Female,Level,Near,Direct,4
R_3ElNoMxhJ5mg9aa,Female,FromBelow,Far,Direct,4
R_3ElNoMxhJ5mg9aa,Female,FromBelow,Far,Side,4
R_3ElNoMxhJ5mg9aa,Female,Level,Far,Direct,3
R_3ElNoMxhJ5mg9aa,Female,Level,Far,Side,3
R_3ElNoMxhJ5mg9aa,Male,FromBelow,Near,Direct,4
R_3ElNoMxhJ5mg9aa,Male,FromBelow,Near,Side,3
R_3ElNoMxhJ5mg9aa,Male,Level,Near,Direct,3
R_3ElNoMxhJ5mg9aa,Male,Level,Far,Side,3
R_3ElNoMxhJ5mg9aa,Male,Level,Near,Side,3
R_3ElNoMxhJ5mg9aa,Male,Level,Far,Direct,3
R_3ElNoMxhJ5mg9aa,Male,FromBelow,Far,Side,3
R_3ElNoMxhJ5mg9aa,Male,FromBelow,Far,Direct,3
R_3eq2wiQsk2K4fha,Female,FromBelow,Near,Direct,2
R_3eq2wiQsk2K4fha,Female,FromBelow,Near,Side,2
R_3eq2wiQsk2K4fha,Female,Level,Near,Side,3
R_3eq2wiQsk2K4fha,Female,Level,Near,Direct,1
R_3eq2wiQsk2K4fha,Female,FromBelow,Far,Direct,3
R_3eq2wiQsk2K4fha,Female,FromBelow,Far,Side,2
R_3eq2wiQsk2K4fha,Female,Level,Far,Direct,3
R_3eq2wiQsk2K4fha,Female,Level,Far,Side,3
R_3eq2wiQsk2K4fha,Male,FromBelow,Near,Direct,2
R_3eq2wiQsk2K4fha,Male,FromBelow,Near,Side,2
R_3eq2wiQsk2K4fha,Male,Level,Near,Direct,1
R_3eq2wiQsk2K4fha,Male,Level,Far,Side,1
R_3eq2wiQsk2K4fha,Male,Level,Near,Side,3
R_3eq2wiQsk2K4fha,Male,Level,Far,Direct,1
R_3eq2wiQsk2K4fha,Male,FromBelow,Far,Side,4
R_3eq2wiQsk2K4fha,Male,FromBelow,Far,Direct,4
R_3GdjPLrrBiDQCXu,Female,FromBelow,Near,Direct,4
R_3GdjPLrrBiDQCXu,Female,FromBelow,Near,Side,4
R_3GdjPLrrBiDQCXu,Female,Level,Near,Side,4
R_3GdjPLrrBiDQCXu,Female,Level,Near,Direct,4
R_3GdjPLrrBiDQCXu,Female,FromBelow,Far,Direct,4
R_3GdjPLrrBiDQCXu,Female,FromBelow,Far,Side,2
R_3GdjPLrrBiDQCXu,Female,Level,Far,Direct,2
R_3GdjPLrrBiDQCXu,Female,Level,Far,Side,2
R_3GdjPLrrBiDQCXu,Male,FromBelow,Near,Direct,1
R_3GdjPLrrBiDQCXu,Male,FromBelow,Near,Side,2
R_3GdjPLrrBiDQCXu,Male,Level,Near,Direct,2
R_3GdjPLrrBiDQCXu,Male,Level,Far,Side,2
R_3GdjPLrrBiDQCXu,Male,Level,Near,Side,2
R_3GdjPLrrBiDQCXu,Male,Level,Far,Direct,1
R_3GdjPLrrBiDQCXu,Male,FromBelow,Far,Side,1
R_3GdjPLrrBiDQCXu,Male,FromBelow,Far,Direct,1
R_3GfAqr5aOOpH1Le,Female,FromBelow,Near,Direct,5
R_3GfAqr5aOOpH1Le,Female,FromBelow,Near,Side,5
R_3GfAqr5aOOpH1Le,Female,Level,Near,Side,4
R_3GfAqr5aOOpH1Le,Female,Level,Near,Direct,2
R_3GfAqr5aOOpH1Le,Female,FromBelow,Far,Direct,4
R_3GfAqr5aOOpH1Le,Female,FromBelow,Far,Side,2
R_3GfAqr5aOOpH1Le,Female,Level,Far,Direct,2
R_3GfAqr5aOOpH1Le,Female,Level,Far,Side,3
R_3GfAqr5aOOpH1Le,Male,FromBelow,Near,Direct,5
R_3GfAqr5aOOpH1Le,Male,FromBelow,Near,Side,5
R_3GfAqr5aOOpH1Le,Male,Level,Near,Direct,4
R_3GfAqr5aOOpH1Le,Male,Level,Far,Side,4
R_3GfAqr5aOOpH1Le,Male,Level,Near,Side,4
R_3GfAqr5aOOpH1Le,Male,Level,Far,Direct,3
R_3GfAqr5aOOpH1Le,Male,FromBelow,Far,Side,5
R_3GfAqr5aOOpH1Le,Male,FromBelow,Far,Direct,5
R_3gN4MOQWGg0cI8Z,Female,FromBelow,Near,Direct,4
R_3gN4MOQWGg0cI8Z,Female,FromBelow,Near,Side,4
R_3gN4MOQWGg0cI8Z,Female,Level,Near,Side,4
R_3gN4MOQWGg0cI8Z,Female,Level,Near,Direct,3
R_3gN4MOQWGg0cI8Z,Female,FromBelow,Far,Direct,4
R_3gN4MOQWGg0cI8Z,Female,FromBelow,Far,Side,4
R_3gN4MOQWGg0cI8Z,Female,Level,Far,Direct,4
R_3gN4MOQWGg0cI8Z,Female,Level,Far,Side,4
R_3gN4MOQWGg0cI8Z,Male,FromBelow,Near,Direct,4
R_3gN4MOQWGg0cI8Z,Male,FromBelow,Near,Side,4
R_3gN4MOQWGg0cI8Z,Male,Level,Near,Direct,4
R_3gN4MOQWGg0cI8Z,Male,Level,Far,Side,4
R_3gN4MOQWGg0cI8Z,Male,Level,Near,Side,4
R_3gN4MOQWGg0cI8Z,Male,Level,Far,Direct,4
R_3gN4MOQWGg0cI8Z,Male,FromBelow,Far,Side,4
R_3gN4MOQWGg0cI8Z,Male,FromBelow,Far,Direct,4
R_3GwCslQvoByokXi,Female,FromBelow,Near,Direct,3
R_3GwCslQvoByokXi,Female,FromBelow,Near,Side,3
R_3GwCslQvoByokXi,Female,Level,Near,Side,1
R_3GwCslQvoByokXi,Female,Level,Near,Direct,1
R_3GwCslQvoByokXi,Female,FromBelow,Far,Direct,1
R_3GwCslQvoByokXi,Female,FromBelow,Far,Side,1
R_3GwCslQvoByokXi,Female,Level,Far,Direct,1
R_3GwCslQvoByokXi,Female,Level,Far,Side,1
R_3GwCslQvoByokXi,Male,FromBelow,Near,Direct,3
R_3GwCslQvoByokXi,Male,FromBelow,Near,Side,4
R_3GwCslQvoByokXi,Male,Level,Near,Direct,1
R_3GwCslQvoByokXi,Male,Level,Far,Side,1
R_3GwCslQvoByokXi,Male,Level,Near,Side,1
R_3GwCslQvoByokXi,Male,Level,Far,Direct,1
R_3GwCslQvoByokXi,Male,FromBelow,Far,Side,1
R_3GwCslQvoByokXi,Male,FromBelow,Far,Direct,2
R_3HAA5E0PBo28cCX,Female,FromBelow,Near,Direct,4
R_3HAA5E0PBo28cCX,Female,FromBelow,Near,Side,3
R_3HAA5E0PBo28cCX,Female,Level,Near,Side,4
R_3HAA5E0PBo28cCX,Female,Level,Near,Direct,3
R_3HAA5E0PBo28cCX,Female,FromBelow,Far,Direct,3
R_3HAA5E0PBo28cCX,Female,FromBelow,Far,Side,3
R_3HAA5E0PBo28cCX,Female,Level,Far,Direct,2
R_3HAA5E0PBo28cCX,Female,Level,Far,Side,3
R_3HAA5E0PBo28cCX,Male,FromBelow,Near,Direct,5
R_3HAA5E0PBo28cCX,Male,FromBelow,Near,Side,3
R_3HAA5E0PBo28cCX,Male,Level,Near,Direct,3
R_3HAA5E0PBo28cCX,Male,Level,Far,Side,3
R_3HAA5E0PBo28cCX,Male,Level,Near,Side,4
R_3HAA5E0PBo28cCX,Male,Level,Far,Direct,2
R_3HAA5E0PBo28cCX,Male,FromBelow,Far,Side,3
R_3HAA5E0PBo28cCX,Male,FromBelow,Far,Direct,4
R_3HkmzPkwLgu1yGc,Female,FromBelow,Near,Direct,4
R_3HkmzPkwLgu1yGc,Female,FromBelow,Near,Side,3
R_3HkmzPkwLgu1yGc,Female,Level,Near,Side,2
R_3HkmzPkwLgu1yGc,Female,Level,Near,Direct,2
R_3HkmzPkwLgu1yGc,Female,FromBelow,Far,Direct,2
R_3HkmzPkwLgu1yGc,Female,FromBelow,Far,Side,2
R_3HkmzPkwLgu1yGc,Female,Level,Far,Direct,2
R_3HkmzPkwLgu1yGc,Female,Level,Far,Side,2
R_3HkmzPkwLgu1yGc,Male,FromBelow,Near,Direct,3
R_3HkmzPkwLgu1yGc,Male,FromBelow,Near,Side,3
R_3HkmzPkwLgu1yGc,Male,Level,Near,Direct,2
R_3HkmzPkwLgu1yGc,Male,Level,Far,Side,2
R_3HkmzPkwLgu1yGc,Male,Level,Near,Side,2
R_3HkmzPkwLgu1yGc,Male,Level,Far,Direct,2
R_3HkmzPkwLgu1yGc,Male,FromBelow,Far,Side,3
R_3HkmzPkwLgu1yGc,Male,FromBelow,Far,Direct,3
R_3hu8ydZa6P722wg,Female,FromBelow,Near,Direct,3
R_3hu8ydZa6P722wg,Female,FromBelow,Near,Side,3
R_3hu8ydZa6P722wg,Female,Level,Near,Side,1
R_3hu8ydZa6P722wg,Female,Level,Near,Direct,1
R_3hu8ydZa6P722wg,Female,FromBelow,Far,Direct,1
R_3hu8ydZa6P722wg,Female,FromBelow,Far,Side,2
R_3hu8ydZa6P722wg,Female,Level,Far,Direct,1
R_3hu8ydZa6P722wg,Female,Level,Far,Side,1
R_3hu8ydZa6P722wg,Male,FromBelow,Near,Direct,3
R_3hu8ydZa6P722wg,Male,FromBelow,Near,Side,4
R_3hu8ydZa6P722wg,Male,Level,Near,Direct,1
R_3hu8ydZa6P722wg,Male,Level,Far,Side,2
R_3hu8ydZa6P722wg,Male,Level,Near,Side,2
R_3hu8ydZa6P722wg,Male,Level,Far,Direct,1
R_3hu8ydZa6P722wg,Male,FromBelow,Far,Side,2
R_3hu8ydZa6P722wg,Male,FromBelow,Far,Direct,2
R_3hz5L2yqOs1SLbu,Female,FromBelow,Near,Direct,2
R_3hz5L2yqOs1SLbu,Female,FromBelow,Near,Side,2
R_3hz5L2yqOs1SLbu,Female,Level,Near,Side,2
R_3hz5L2yqOs1SLbu,Female,Level,Near,Direct,2
R_3hz5L2yqOs1SLbu,Female,FromBelow,Far,Direct,2
R_3hz5L2yqOs1SLbu,Female,FromBelow,Far,Side,2
R_3hz5L2yqOs1SLbu,Female,Level,Far,Direct,2
R_3hz5L2yqOs1SLbu,Female,Level,Far,Side,2
R_3hz5L2yqOs1SLbu,Male,FromBelow,Near,Direct,2
R_3hz5L2yqOs1SLbu,Male,FromBelow,Near,Side,2
R_3hz5L2yqOs1SLbu,Male,Level,Near,Direct,2
R_3hz5L2yqOs1SLbu,Male,Level,Far,Side,4
R_3hz5L2yqOs1SLbu,Male,Level,Near,Side,2
R_3hz5L2yqOs1SLbu,Male,Level,Far,Direct,2
R_3hz5L2yqOs1SLbu,Male,FromBelow,Far,Side,2
R_3hz5L2yqOs1SLbu,Male,FromBelow,Far,Direct,2
R_3Lceer53pjOaYSs,Female,FromBelow,Near,Direct,4
R_3Lceer53pjOaYSs,Female,FromBelow,Near,Side,4
R_3Lceer53pjOaYSs,Female,Level,Near,Side,3
R_3Lceer53pjOaYSs,Female,Level,Near,Direct,2
R_3Lceer53pjOaYSs,Female,FromBelow,Far,Direct,3
R_3Lceer53pjOaYSs,Female,FromBelow,Far,Side,3
R_3Lceer53pjOaYSs,Female,Level,Far,Direct,2
R_3Lceer53pjOaYSs,Female,Level,Far,Side,2
R_3Lceer53pjOaYSs,Male,FromBelow,Near,Direct,4
R_3Lceer53pjOaYSs,Male,FromBelow,Near,Side,4
R_3Lceer53pjOaYSs,Male,Level,Near,Direct,2
R_3Lceer53pjOaYSs,Male,Level,Far,Side,2
R_3Lceer53pjOaYSs,Male,Level,Near,Side,2
R_3Lceer53pjOaYSs,Male,Level,Far,Direct,2
R_3Lceer53pjOaYSs,Male,FromBelow,Far,Side,4
R_3Lceer53pjOaYSs,Male,FromBelow,Far,Direct,2
R_3LcKAO7GoELxB6C,Female,FromBelow,Near,Direct,5
R_3LcKAO7GoELxB6C,Female,FromBelow,Near,Side,5
R_3LcKAO7GoELxB6C,Female,Level,Near,Side,5
R_3LcKAO7GoELxB6C,Female,Level,Near,Direct,5
R_3LcKAO7GoELxB6C,Female,FromBelow,Far,Direct,5
R_3LcKAO7GoELxB6C,Female,FromBelow,Far,Side,5
R_3LcKAO7GoELxB6C,Female,Level,Far,Direct,5
R_3LcKAO7GoELxB6C,Female,Level,Far,Side,5
R_3LcKAO7GoELxB6C,Male,FromBelow,Near,Direct,5
R_3LcKAO7GoELxB6C,Male,FromBelow,Near,Side,5
R_3LcKAO7GoELxB6C,Male,Level,Near,Direct,2
R_3LcKAO7GoELxB6C,Male,Level,Far,Side,2
R_3LcKAO7GoELxB6C,Male,Level,Near,Side,3
R_3LcKAO7GoELxB6C,Male,Level,Far,Direct,3
R_3LcKAO7GoELxB6C,Male,FromBelow,Far,Side,5
R_3LcKAO7GoELxB6C,Male,FromBelow,Far,Direct,5
R_3Li1cG5mTJDKQm3,Female,FromBelow,Near,Direct,5
R_3Li1cG5mTJDKQm3,Female,FromBelow,Near,Side,5
R_3Li1cG5mTJDKQm3,Female,Level,Near,Side,4
R_3Li1cG5mTJDKQm3,Female,Level,Near,Direct,4
R_3Li1cG5mTJDKQm3,Female,FromBelow,Far,Direct,4
R_3Li1cG5mTJDKQm3,Female,FromBelow,Far,Side,5
R_3Li1cG5mTJDKQm3,Female,Level,Far,Direct,2
R_3Li1cG5mTJDKQm3,Female,Level,Far,Side,1
R_3Li1cG5mTJDKQm3,Male,FromBelow,Near,Direct,4
R_3Li1cG5mTJDKQm3,Male,FromBelow,Near,Side,1
R_3Li1cG5mTJDKQm3,Male,Level,Near,Direct,2
R_3Li1cG5mTJDKQm3,Male,Level,Far,Side,5
R_3Li1cG5mTJDKQm3,Male,Level,Near,Side,3
R_3Li1cG5mTJDKQm3,Male,Level,Far,Direct,2
R_3Li1cG5mTJDKQm3,Male,FromBelow,Far,Side,1
R_3Li1cG5mTJDKQm3,Male,FromBelow,Far,Direct,3
R_3lxYcc7xb2FhYFf,Female,FromBelow,Near,Direct,5
R_3lxYcc7xb2FhYFf,Female,FromBelow,Near,Side,5
R_3lxYcc7xb2FhYFf,Female,Level,Near,Side,3
R_3lxYcc7xb2FhYFf,Female,Level,Near,Direct,3
R_3lxYcc7xb2FhYFf,Female,FromBelow,Far,Direct,5
R_3lxYcc7xb2FhYFf,Female,FromBelow,Far,Side,5
R_3lxYcc7xb2FhYFf,Female,Level,Far,Direct,1
R_3lxYcc7xb2FhYFf,Female,Level,Far,Side,3
R_3lxYcc7xb2FhYFf,Male,FromBelow,Near,Direct,4
R_3lxYcc7xb2FhYFf,Male,FromBelow,Near,Side,3
R_3lxYcc7xb2FhYFf,Male,Level,Near,Direct,1
R_3lxYcc7xb2FhYFf,Male,Level,Far,Side,1
R_3lxYcc7xb2FhYFf,Male,Level,Near,Side,1
R_3lxYcc7xb2FhYFf,Male,Level,Far,Direct,1
R_3lxYcc7xb2FhYFf,Male,FromBelow,Far,Side,4
R_3lxYcc7xb2FhYFf,Male,FromBelow,Far,Direct,4
R_3ndBoIchkbsHZ8S,Female,FromBelow,Near,Direct,4
R_3ndBoIchkbsHZ8S,Female,FromBelow,Near,Side,4
R_3ndBoIchkbsHZ8S,Female,Level,Near,Side,1
R_3ndBoIchkbsHZ8S,Female,Level,Near,Direct,4
R_3ndBoIchkbsHZ8S,Female,FromBelow,Far,Direct,1
R_3ndBoIchkbsHZ8S,Female,FromBelow,Far,Side,1
R_3ndBoIchkbsHZ8S,Female,Level,Far,Direct,1
R_3ndBoIchkbsHZ8S,Female,Level,Far,Side,1
R_3ndBoIchkbsHZ8S,Male,FromBelow,Near,Direct,2
R_3ndBoIchkbsHZ8S,Male,FromBelow,Near,Side,1
R_3ndBoIchkbsHZ8S,Male,Level,Near,Direct,1
R_3ndBoIchkbsHZ8S,Male,Level,Far,Side,1
R_3ndBoIchkbsHZ8S,Male,Level,Near,Side,1
R_3ndBoIchkbsHZ8S,Male,Level,Far,Direct,1
R_3ndBoIchkbsHZ8S,Male,FromBelow,Far,Side,2
R_3ndBoIchkbsHZ8S,Male,FromBelow,Far,Direct,4
R_3NP3TMPtShBU4zZ,Female,FromBelow,Near,Direct,5
R_3NP3TMPtShBU4zZ,Female,FromBelow,Near,Side,2
R_3NP3TMPtShBU4zZ,Female,Level,Near,Side,3
R_3NP3TMPtShBU4zZ,Female,Level,Near,Direct,2
R_3NP3TMPtShBU4zZ,Female,FromBelow,Far,Direct,2
R_3NP3TMPtShBU4zZ,Female,FromBelow,Far,Side,1
R_3NP3TMPtShBU4zZ,Female,Level,Far,Direct,1
R_3NP3TMPtShBU4zZ,Female,Level,Far,Side,2
R_3NP3TMPtShBU4zZ,Male,FromBelow,Near,Direct,5
R_3NP3TMPtShBU4zZ,Male,FromBelow,Near,Side,5
R_3NP3TMPtShBU4zZ,Male,Level,Near,Direct,5
R_3NP3TMPtShBU4zZ,Male,Level,Far,Side,5
R_3NP3TMPtShBU4zZ,Male,Level,Near,Side,5
R_3NP3TMPtShBU4zZ,Male,Level,Far,Direct,5
R_3NP3TMPtShBU4zZ,Male,FromBelow,Far,Side,5
R_3NP3TMPtShBU4zZ,Male,FromBelow,Far,Direct,5
R_3pf2owxdmFXsX3r,Female,FromBelow,Near,Direct,4
R_3pf2owxdmFXsX3r,Female,FromBelow,Near,Side,1
R_3pf2owxdmFXsX3r,Female,Level,Near,Side,1
R_3pf2owxdmFXsX3r,Female,Level,Near,Direct,1
R_3pf2owxdmFXsX3r,Female,FromBelow,Far,Direct,2
R_3pf2owxdmFXsX3r,Female,FromBelow,Far,Side,2
R_3pf2owxdmFXsX3r,Female,Level,Far,Direct,1
R_3pf2owxdmFXsX3r,Female,Level,Far,Side,1
R_3pf2owxdmFXsX3r,Male,FromBelow,Near,Direct,2
R_3pf2owxdmFXsX3r,Male,FromBelow,Near,Side,2
R_3pf2owxdmFXsX3r,Male,Level,Near,Direct,1
R_3pf2owxdmFXsX3r,Male,Level,Far,Side,1
R_3pf2owxdmFXsX3r,Male,Level,Near,Side,1
R_3pf2owxdmFXsX3r,Male,Level,Far,Direct,1
R_3pf2owxdmFXsX3r,Male,FromBelow,Far,Side,2
R_3pf2owxdmFXsX3r,Male,FromBelow,Far,Direct,2
R_3PmCVStEsSSusvW,Female,FromBelow,Near,Direct,3
R_3PmCVStEsSSusvW,Female,FromBelow,Near,Side,2
R_3PmCVStEsSSusvW,Female,Level,Near,Side,3
R_3PmCVStEsSSusvW,Female,Level,Near,Direct,2
R_3PmCVStEsSSusvW,Female,FromBelow,Far,Direct,2
R_3PmCVStEsSSusvW,Female,FromBelow,Far,Side,2
R_3PmCVStEsSSusvW,Female,Level,Far,Direct,3
R_3PmCVStEsSSusvW,Female,Level,Far,Side,3
R_3PmCVStEsSSusvW,Male,FromBelow,Near,Direct,4
R_3PmCVStEsSSusvW,Male,FromBelow,Near,Side,2
R_3PmCVStEsSSusvW,Male,Level,Near,Direct,1
R_3PmCVStEsSSusvW,Male,Level,Far,Side,2
R_3PmCVStEsSSusvW,Male,Level,Near,Side,1
R_3PmCVStEsSSusvW,Male,Level,Far,Direct,1
R_3PmCVStEsSSusvW,Male,FromBelow,Far,Side,1
R_3PmCVStEsSSusvW,Male,FromBelow,Far,Direct,1
R_3R3ZuMVGNXwGamX,Female,FromBelow,Near,Direct,5
R_3R3ZuMVGNXwGamX,Female,FromBelow,Near,Side,5
R_3R3ZuMVGNXwGamX,Female,Level,Near,Side,1
R_3R3ZuMVGNXwGamX,Female,Level,Near,Direct,1
R_3R3ZuMVGNXwGamX,Female,FromBelow,Far,Direct,1
R_3R3ZuMVGNXwGamX,Female,FromBelow,Far,Side,2
R_3R3ZuMVGNXwGamX,Female,Level,Far,Direct,1
R_3R3ZuMVGNXwGamX,Female,Level,Far,Side,1
R_3R3ZuMVGNXwGamX,Male,FromBelow,Near,Direct,4
R_3R3ZuMVGNXwGamX,Male,FromBelow,Near,Side,4
R_3R3ZuMVGNXwGamX,Male,Level,Near,Direct,1
R_3R3ZuMVGNXwGamX,Male,Level,Far,Side,1
R_3R3ZuMVGNXwGamX,Male,Level,Near,Side,2
R_3R3ZuMVGNXwGamX,Male,Level,Far,Direct,1
R_3R3ZuMVGNXwGamX,Male,FromBelow,Far,Side,4
R_3R3ZuMVGNXwGamX,Male,FromBelow,Far,Direct,4
R_3s4gzfy3pkMSyxo,Female,FromBelow,Near,Direct,4
R_3s4gzfy3pkMSyxo,Female,FromBelow,Near,Side,3
R_3s4gzfy3pkMSyxo,Female,Level,Near,Side,3
R_3s4gzfy3pkMSyxo,Female,Level,Near,Direct,2
R_3s4gzfy3pkMSyxo,Female,FromBelow,Far,Direct,4
R_3s4gzfy3pkMSyxo,Female,FromBelow,Far,Side,4
R_3s4gzfy3pkMSyxo,Female,Level,Far,Direct,2
R_3s4gzfy3pkMSyxo,Female,Level,Far,Side,2
R_3s4gzfy3pkMSyxo,Male,FromBelow,Near,Direct,4
R_3s4gzfy3pkMSyxo,Male,FromBelow,Near,Side,3
R_3s4gzfy3pkMSyxo,Male,Level,Near,Direct,2
R_3s4gzfy3pkMSyxo,Male,Level,Far,Side,2
R_3s4gzfy3pkMSyxo,Male,Level,Near,Side,3
R_3s4gzfy3pkMSyxo,Male,Level,Far,Direct,2
R_3s4gzfy3pkMSyxo,Male,FromBelow,Far,Side,4
R_3s4gzfy3pkMSyxo,Male,FromBelow,Far,Direct,4
R_6teo21ealsGZcrL,Female,FromBelow,Near,Direct,2
R_6teo21ealsGZcrL,Female,FromBelow,Near,Side,4
R_6teo21ealsGZcrL,Female,Level,Near,Side,2
R_6teo21ealsGZcrL,Female,Level,Near,Direct,3
R_6teo21ealsGZcrL,Female,FromBelow,Far,Direct,3
R_6teo21ealsGZcrL,Female,FromBelow,Far,Side,2
R_6teo21ealsGZcrL,Female,Level,Far,Direct,2
R_6teo21ealsGZcrL,Female,Level,Far,Side,2
R_6teo21ealsGZcrL,Male,FromBelow,Near,Direct,3
R_6teo21ealsGZcrL,Male,FromBelow,Near,Side,4
R_6teo21ealsGZcrL,Male,Level,Near,Direct,1
R_6teo21ealsGZcrL,Male,Level,Far,Side,3
R_6teo21ealsGZcrL,Male,Level,Near,Side,3
R_6teo21ealsGZcrL,Male,Level,Far,Direct,1
R_6teo21ealsGZcrL,Male,FromBelow,Far,Side,3
R_6teo21ealsGZcrL,Male,FromBelow,Far,Direct,2
R_86Rx3Ur3lhA4uWt,Female,FromBelow,Near,Direct,2
R_86Rx3Ur3lhA4uWt,Female,FromBelow,Near,Side,3
R_86Rx3Ur3lhA4uWt,Female,Level,Near,Side,3
R_86Rx3Ur3lhA4uWt,Female,Level,Near,Direct,3
R_86Rx3Ur3lhA4uWt,Female,FromBelow,Far,Direct,3
R_86Rx3Ur3lhA4uWt,Female,FromBelow,Far,Side,2
R_86Rx3Ur3lhA4uWt,Female,Level,Far,Direct,3
R_86Rx3Ur3lhA4uWt,Female,Level,Far,Side,3
R_86Rx3Ur3lhA4uWt,Male,FromBelow,Near,Direct,3
R_86Rx3Ur3lhA4uWt,Male,FromBelow,Near,Side,3
R_86Rx3Ur3lhA4uWt,Male,Level,Near,Direct,3
R_86Rx3Ur3lhA4uWt,Male,Level,Far,Side,3
R_86Rx3Ur3lhA4uWt,Male,Level,Near,Side,3
R_86Rx3Ur3lhA4uWt,Male,Level,Far,Direct,3
R_86Rx3Ur3lhA4uWt,Male,FromBelow,Far,Side,3
R_86Rx3Ur3lhA4uWt,Male,FromBelow,Far,Direct,3
R_88pkGFnbvdzqahr,Female,FromBelow,Near,Direct,4
R_88pkGFnbvdzqahr,Female,FromBelow,Near,Side,3
R_88pkGFnbvdzqahr,Female,Level,Near,Side,3
R_88pkGFnbvdzqahr,Female,Level,Near,Direct,2
R_88pkGFnbvdzqahr,Female,FromBelow,Far,Direct,3
R_88pkGFnbvdzqahr,Female,FromBelow,Far,Side,3
R_88pkGFnbvdzqahr,Female,Level,Far,Direct,3
R_88pkGFnbvdzqahr,Female,Level,Far,Side,3
R_88pkGFnbvdzqahr,Male,FromBelow,Near,Direct,3
R_88pkGFnbvdzqahr,Male,FromBelow,Near,Side,2
R_88pkGFnbvdzqahr,Male,Level,Near,Direct,2
R_88pkGFnbvdzqahr,Male,Level,Far,Side,3
R_88pkGFnbvdzqahr,Male,Level,Near,Side,2
R_88pkGFnbvdzqahr,Male,Level,Far,Direct,1
R_88pkGFnbvdzqahr,Male,FromBelow,Far,Side,3
R_88pkGFnbvdzqahr,Male,FromBelow,Far,Direct,2
R_9FuXxl7rKqMdWtr,Female,FromBelow,Near,Direct,4
R_9FuXxl7rKqMdWtr,Female,FromBelow,Near,Side,4
R_9FuXxl7rKqMdWtr,Female,Level,Near,Side,2
R_9FuXxl7rKqMdWtr,Female,Level,Near,Direct,2
R_9FuXxl7rKqMdWtr,Female,FromBelow,Far,Direct,3
R_9FuXxl7rKqMdWtr,Female,FromBelow,Far,Side,3
R_9FuXxl7rKqMdWtr,Female,Level,Far,Direct,2
R_9FuXxl7rKqMdWtr,Female,Level,Far,Side,4
R_9FuXxl7rKqMdWtr,Male,FromBelow,Near,Direct,5
R_9FuXxl7rKqMdWtr,Male,FromBelow,Near,Side,5
R_9FuXxl7rKqMdWtr,Male,Level,Near,Direct,4
R_9FuXxl7rKqMdWtr,Male,Level,Far,Side,4
R_9FuXxl7rKqMdWtr,Male,Level,Near,Side,4
R_9FuXxl7rKqMdWtr,Male,Level,Far,Direct,3
R_9FuXxl7rKqMdWtr,Male,FromBelow,Far,Side,4
R_9FuXxl7rKqMdWtr,Male,FromBelow,Far,Direct,5
R_9zTWlpyBXGEYeDn,Female,FromBelow,Near,Direct,2
R_9zTWlpyBXGEYeDn,Female,FromBelow,Near,Side,3
R_9zTWlpyBXGEYeDn,Female,Level,Near,Side,5
R_9zTWlpyBXGEYeDn,Female,Level,Near,Direct,2
R_9zTWlpyBXGEYeDn,Female,FromBelow,Far,Direct,1
R_9zTWlpyBXGEYeDn,Female,FromBelow,Far,Side,2
R_9zTWlpyBXGEYeDn,Female,Level,Far,Direct,1
R_9zTWlpyBXGEYeDn,Female,Level,Far,Side,4
R_9zTWlpyBXGEYeDn,Male,FromBelow,Near,Direct,5
R_9zTWlpyBXGEYeDn,Male,FromBelow,Near,Side,5
R_9zTWlpyBXGEYeDn,Male,Level,Near,Direct,1
R_9zTWlpyBXGEYeDn,Male,Level,Far,Side,1
R_9zTWlpyBXGEYeDn,Male,Level,Near,Side,1
R_9zTWlpyBXGEYeDn,Male,Level,Far,Direct,1
R_9zTWlpyBXGEYeDn,Male,FromBelow,Far,Side,3
R_9zTWlpyBXGEYeDn,Male,FromBelow,Far,Direct,3
R_AtyDUlIwLp3CimB,Female,FromBelow,Near,Direct,4
R_AtyDUlIwLp3CimB,Female,FromBelow,Near,Side,3
R_AtyDUlIwLp3CimB,Female,Level,Near,Side,4
R_AtyDUlIwLp3CimB,Female,Level,Near,Direct,4
R_AtyDUlIwLp3CimB,Female,FromBelow,Far,Direct,3
R_AtyDUlIwLp3CimB,Female,FromBelow,Far,Side,3
R_AtyDUlIwLp3CimB,Female,Level,Far,Direct,4
R_AtyDUlIwLp3CimB,Female,Level,Far,Side,3
R_AtyDUlIwLp3CimB,Male,FromBelow,Near,Direct,2
R_AtyDUlIwLp3CimB,Male,FromBelow,Near,Side,2
R_AtyDUlIwLp3CimB,Male,Level,Near,Direct,3
R_AtyDUlIwLp3CimB,Male,Level,Far,Side,2
R_AtyDUlIwLp3CimB,Male,Level,Near,Side,4
R_AtyDUlIwLp3CimB,Male,Level,Far,Direct,2
R_AtyDUlIwLp3CimB,Male,FromBelow,Far,Side,3
R_AtyDUlIwLp3CimB,Male,FromBelow,Far,Direct,3
R_BPA2up4HPc7fqy5,Female,FromBelow,Near,Direct,3
R_BPA2up4HPc7fqy5,Female,FromBelow,Near,Side,3
R_BPA2up4HPc7fqy5,Female,Level,Near,Side,3
R_BPA2up4HPc7fqy5,Female,Level,Near,Direct,3
R_BPA2up4HPc7fqy5,Female,FromBelow,Far,Direct,3
R_BPA2up4HPc7fqy5,Female,FromBelow,Far,Side,3
R_BPA2up4HPc7fqy5,Female,Level,Far,Direct,3
R_BPA2up4HPc7fqy5,Female,Level,Far,Side,3
R_BPA2up4HPc7fqy5,Male,FromBelow,Near,Direct,3
R_BPA2up4HPc7fqy5,Male,FromBelow,Near,Side,3
R_BPA2up4HPc7fqy5,Male,Level,Near,Direct,3
R_BPA2up4HPc7fqy5,Male,Level,Far,Side,3
R_BPA2up4HPc7fqy5,Male,Level,Near,Side,3
R_BPA2up4HPc7fqy5,Male,Level,Far,Direct,3
R_BPA2up4HPc7fqy5,Male,FromBelow,Far,Side,3
R_BPA2up4HPc7fqy5,Male,FromBelow,Far,Direct,3
R_C9sIVDtvZYInO9z,Female,FromBelow,Near,Direct,4
R_C9sIVDtvZYInO9z,Female,FromBelow,Near,Side,4
R_C9sIVDtvZYInO9z,Female,Level,Near,Side,2
R_C9sIVDtvZYInO9z,Female,Level,Near,Direct,2
R_C9sIVDtvZYInO9z,Female,FromBelow,Far,Direct,4
R_C9sIVDtvZYInO9z,Female,FromBelow,Far,Side,2
R_C9sIVDtvZYInO9z,Female,Level,Far,Direct,2
R_C9sIVDtvZYInO9z,Female,Level,Far,Side,2
R_C9sIVDtvZYInO9z,Male,FromBelow,Near,Direct,3
R_C9sIVDtvZYInO9z,Male,FromBelow,Near,Side,2
R_C9sIVDtvZYInO9z,Male,Level,Near,Direct,2
R_C9sIVDtvZYInO9z,Male,Level,Far,Side,2
R_C9sIVDtvZYInO9z,Male,Level,Near,Side,2
R_C9sIVDtvZYInO9z,Male,Level,Far,Direct,2
R_C9sIVDtvZYInO9z,Male,FromBelow,Far,Side,2
R_C9sIVDtvZYInO9z,Male,FromBelow,Far,Direct,4
R_cBKr7BU5lZOwbJf,Female,FromBelow,Near,Direct,4
R_cBKr7BU5lZOwbJf,Female,FromBelow,Near,Side,4
R_cBKr7BU5lZOwbJf,Female,Level,Near,Side,3
R_cBKr7BU5lZOwbJf,Female,Level,Near,Direct,3
R_cBKr7BU5lZOwbJf,Female,FromBelow,Far,Direct,3
R_cBKr7BU5lZOwbJf,Female,FromBelow,Far,Side,3
R_cBKr7BU5lZOwbJf,Female,Level,Far,Direct,1
R_cBKr7BU5lZOwbJf,Female,Level,Far,Side,2
R_cBKr7BU5lZOwbJf,Male,FromBelow,Near,Direct,5
R_cBKr7BU5lZOwbJf,Male,FromBelow,Near,Side,5
R_cBKr7BU5lZOwbJf,Male,Level,Near,Direct,3
R_cBKr7BU5lZOwbJf,Male,Level,Far,Side,1
R_cBKr7BU5lZOwbJf,Male,Level,Near,Side,3
R_cBKr7BU5lZOwbJf,Male,Level,Far,Direct,1
R_cBKr7BU5lZOwbJf,Male,FromBelow,Far,Side,4
R_cBKr7BU5lZOwbJf,Male,FromBelow,Far,Direct,4
R_Cfce50M9vttXoGZ,Female,FromBelow,Near,Direct,4
R_Cfce50M9vttXoGZ,Female,FromBelow,Near,Side,4
R_Cfce50M9vttXoGZ,Female,Level,Near,Side,3
R_Cfce50M9vttXoGZ,Female,Level,Near,Direct,2
R_Cfce50M9vttXoGZ,Female,FromBelow,Far,Direct,3
R_Cfce50M9vttXoGZ,Female,FromBelow,Far,Side,3
R_Cfce50M9vttXoGZ,Female,Level,Far,Direct,1
R_Cfce50M9vttXoGZ,Female,Level,Far,Side,1
R_Cfce50M9vttXoGZ,Male,FromBelow,Near,Direct,4
R_Cfce50M9vttXoGZ,Male,FromBelow,Near,Side,2
R_Cfce50M9vttXoGZ,Male,Level,Near,Direct,2
R_Cfce50M9vttXoGZ,Male,Level,Far,Side,2
R_Cfce50M9vttXoGZ,Male,Level,Near,Side,3
R_Cfce50M9vttXoGZ,Male,Level,Far,Direct,1
R_Cfce50M9vttXoGZ,Male,FromBelow,Far,Side,2
R_Cfce50M9vttXoGZ,Male,FromBelow,Far,Direct,3
R_cT0H7Ayt1bWt8tz,Female,FromBelow,Near,Direct,4
R_cT0H7Ayt1bWt8tz,Female,FromBelow,Near,Side,4
R_cT0H7Ayt1bWt8tz,Female,Level,Near,Side,4
R_cT0H7Ayt1bWt8tz,Female,Level,Near,Direct,4
R_cT0H7Ayt1bWt8tz,Female,FromBelow,Far,Direct,3
R_cT0H7Ayt1bWt8tz,Female,FromBelow,Far,Side,1
R_cT0H7Ayt1bWt8tz,Female,Level,Far,Direct,1
R_cT0H7Ayt1bWt8tz,Female,Level,Far,Side,1
R_cT0H7Ayt1bWt8tz,Male,FromBelow,Near,Direct,1
R_cT0H7Ayt1bWt8tz,Male,FromBelow,Near,Side,1
R_cT0H7Ayt1bWt8tz,Male,Level,Near,Direct,1
R_cT0H7Ayt1bWt8tz,Male,Level,Far,Side,1
R_cT0H7Ayt1bWt8tz,Male,Level,Near,Side,1
R_cT0H7Ayt1bWt8tz,Male,Level,Far,Direct,1
R_cT0H7Ayt1bWt8tz,Male,FromBelow,Far,Side,1
R_cT0H7Ayt1bWt8tz,Male,FromBelow,Far,Direct,1
R_cUeIA6xdgoPDCGB,Female,FromBelow,Near,Direct,1
R_cUeIA6xdgoPDCGB,Female,FromBelow,Near,Side,2
R_cUeIA6xdgoPDCGB,Female,Level,Near,Side,2
R_cUeIA6xdgoPDCGB,Female,Level,Near,Direct,3
R_cUeIA6xdgoPDCGB,Female,FromBelow,Far,Direct,3
R_cUeIA6xdgoPDCGB,Female,FromBelow,Far,Side,2
R_cUeIA6xdgoPDCGB,Female,Level,Far,Direct,3
R_cUeIA6xdgoPDCGB,Female,Level,Far,Side,3
R_cUeIA6xdgoPDCGB,Male,FromBelow,Near,Direct,1
R_cUeIA6xdgoPDCGB,Male,FromBelow,Near,Side,1
R_cUeIA6xdgoPDCGB,Male,Level,Near,Direct,1
R_cUeIA6xdgoPDCGB,Male,Level,Far,Side,1
R_cUeIA6xdgoPDCGB,Male,Level,Near,Side,3
R_cUeIA6xdgoPDCGB,Male,Level,Far,Direct,3
R_cUeIA6xdgoPDCGB,Male,FromBelow,Far,Side,2
R_cUeIA6xdgoPDCGB,Male,FromBelow,Far,Direct,1
R_D75tQMKlx07cEJb,Female,FromBelow,Near,Direct,4
R_D75tQMKlx07cEJb,Female,FromBelow,Near,Side,3
R_D75tQMKlx07cEJb,Female,Level,Near,Side,2
R_D75tQMKlx07cEJb,Female,Level,Near,Direct,3
R_D75tQMKlx07cEJb,Female,FromBelow,Far,Direct,2
R_D75tQMKlx07cEJb,Female,FromBelow,Far,Side,2
R_D75tQMKlx07cEJb,Female,Level,Far,Direct,3
R_D75tQMKlx07cEJb,Female,Level,Far,Side,2
R_D75tQMKlx07cEJb,Male,FromBelow,Near,Direct,3
R_D75tQMKlx07cEJb,Male,FromBelow,Near,Side,3
R_D75tQMKlx07cEJb,Male,Level,Near,Direct,3
R_D75tQMKlx07cEJb,Male,Level,Far,Side,3
R_D75tQMKlx07cEJb,Male,Level,Near,Side,3
R_D75tQMKlx07cEJb,Male,Level,Far,Direct,3
R_D75tQMKlx07cEJb,Male,FromBelow,Far,Side,3
R_D75tQMKlx07cEJb,Male,FromBelow,Far,Direct,3
R_djvtac5QiBc4vXr,Female,FromBelow,Near,Direct,3
R_djvtac5QiBc4vXr,Female,FromBelow,Near,Side,2
R_djvtac5QiBc4vXr,Female,Level,Near,Side,1
R_djvtac5QiBc4vXr,Female,Level,Near,Direct,2
R_djvtac5QiBc4vXr,Female,FromBelow,Far,Direct,2
R_djvtac5QiBc4vXr,Female,FromBelow,Far,Side,1
R_djvtac5QiBc4vXr,Female,Level,Far,Direct,1
R_djvtac5QiBc4vXr,Female,Level,Far,Side,1
R_djvtac5QiBc4vXr,Male,FromBelow,Near,Direct,2
R_djvtac5QiBc4vXr,Male,FromBelow,Near,Side,4
R_djvtac5QiBc4vXr,Male,Level,Near,Direct,2
R_djvtac5QiBc4vXr,Male,Level,Far,Side,1
R_djvtac5QiBc4vXr,Male,Level,Near,Side,2
R_djvtac5QiBc4vXr,Male,Level,Far,Direct,1
R_djvtac5QiBc4vXr,Male,FromBelow,Far,Side,2
R_djvtac5QiBc4vXr,Male,FromBelow,Far,Direct,4
R_dpxMwebQgV8yzHr,Female,FromBelow,Near,Direct,1
R_dpxMwebQgV8yzHr,Female,FromBelow,Near,Side,1
R_dpxMwebQgV8yzHr,Female,Level,Near,Side,1
R_dpxMwebQgV8yzHr,Female,Level,Near,Direct,1
R_dpxMwebQgV8yzHr,Female,FromBelow,Far,Direct,1
R_dpxMwebQgV8yzHr,Female,FromBelow,Far,Side,1
R_dpxMwebQgV8yzHr,Female,Level,Far,Direct,1
R_dpxMwebQgV8yzHr,Female,Level,Far,Side,1
R_dpxMwebQgV8yzHr,Male,FromBelow,Near,Direct,3
R_dpxMwebQgV8yzHr,Male,FromBelow,Near,Side,4
R_dpxMwebQgV8yzHr,Male,Level,Near,Direct,2
R_dpxMwebQgV8yzHr,Male,Level,Far,Side,2
R_dpxMwebQgV8yzHr,Male,Level,Near,Side,3
R_dpxMwebQgV8yzHr,Male,Level,Far,Direct,3
R_dpxMwebQgV8yzHr,Male,FromBelow,Far,Side,3
R_dpxMwebQgV8yzHr,Male,FromBelow,Far,Direct,1
R_O9d7MBiDrGzOy0V,Female,FromBelow,Near,Direct,4
R_O9d7MBiDrGzOy0V,Female,FromBelow,Near,Side,3
R_O9d7MBiDrGzOy0V,Female,Level,Near,Side,3
R_O9d7MBiDrGzOy0V,Female,Level,Near,Direct,2
R_O9d7MBiDrGzOy0V,Female,FromBelow,Far,Direct,3
R_O9d7MBiDrGzOy0V,Female,FromBelow,Far,Side,3
R_O9d7MBiDrGzOy0V,Female,Level,Far,Direct,2
R_O9d7MBiDrGzOy0V,Female,Level,Far,Side,3
R_O9d7MBiDrGzOy0V,Male,FromBelow,Near,Direct,2
R_O9d7MBiDrGzOy0V,Male,FromBelow,Near,Side,2
R_O9d7MBiDrGzOy0V,Male,Level,Near,Direct,2
R_O9d7MBiDrGzOy0V,Male,Level,Far,Side,3
R_O9d7MBiDrGzOy0V,Male,Level,Near,Side,3
R_O9d7MBiDrGzOy0V,Male,Level,Far,Direct,3
R_O9d7MBiDrGzOy0V,Male,FromBelow,Far,Side,3
R_O9d7MBiDrGzOy0V,Male,FromBelow,Far,Direct,3
R_PG7zXusADsukbzX,Female,FromBelow,Near,Direct,5
R_PG7zXusADsukbzX,Female,FromBelow,Near,Side,5
R_PG7zXusADsukbzX,Female,Level,Near,Side,2
R_PG7zXusADsukbzX,Female,Level,Near,Direct,3
R_PG7zXusADsukbzX,Female,FromBelow,Far,Direct,5
R_PG7zXusADsukbzX,Female,FromBelow,Far,Side,5
R_PG7zXusADsukbzX,Female,Level,Far,Direct,2
R_PG7zXusADsukbzX,Female,Level,Far,Side,1
R_PG7zXusADsukbzX,Male,FromBelow,Near,Direct,5
R_PG7zXusADsukbzX,Male,FromBelow,Near,Side,4
R_PG7zXusADsukbzX,Male,Level,Near,Direct,2
R_PG7zXusADsukbzX,Male,Level,Far,Side,1
R_PG7zXusADsukbzX,Male,Level,Near,Side,3
R_PG7zXusADsukbzX,Male,Level,Far,Direct,3
R_PG7zXusADsukbzX,Male,FromBelow,Far,Side,5
R_PG7zXusADsukbzX,Male,FromBelow,Far,Direct,5
R_PGN60KwrrROftnj,Female,FromBelow,Near,Direct,5
R_PGN60KwrrROftnj,Female,FromBelow,Near,Side,5
R_PGN60KwrrROftnj,Female,Level,Near,Side,1
R_PGN60KwrrROftnj,Female,Level,Near,Direct,1
R_PGN60KwrrROftnj,Female,FromBelow,Far,Direct,4
R_PGN60KwrrROftnj,Female,FromBelow,Far,Side,4
R_PGN60KwrrROftnj,Female,Level,Far,Direct,1
R_PGN60KwrrROftnj,Female,Level,Far,Side,1
R_PGN60KwrrROftnj,Male,FromBelow,Near,Direct,5
R_PGN60KwrrROftnj,Male,FromBelow,Near,Side,5
R_PGN60KwrrROftnj,Male,Level,Near,Direct,1
R_PGN60KwrrROftnj,Male,Level,Far,Side,1
R_PGN60KwrrROftnj,Male,Level,Near,Side,1
R_PGN60KwrrROftnj,Male,Level,Far,Direct,1
R_PGN60KwrrROftnj,Male,FromBelow,Far,Side,4
R_PGN60KwrrROftnj,Male,FromBelow,Far,Direct,4
R_PTEHPvJSdxPrfMd,Female,FromBelow,Near,Direct,4
R_PTEHPvJSdxPrfMd,Female,FromBelow,Near,Side,4
R_PTEHPvJSdxPrfMd,Female,Level,Near,Side,1
R_PTEHPvJSdxPrfMd,Female,Level,Near,Direct,4
R_PTEHPvJSdxPrfMd,Female,FromBelow,Far,Direct,1
R_PTEHPvJSdxPrfMd,Female,FromBelow,Far,Side,1
R_PTEHPvJSdxPrfMd,Female,Level,Far,Direct,1
R_PTEHPvJSdxPrfMd,Female,Level,Far,Side,1
R_PTEHPvJSdxPrfMd,Male,FromBelow,Near,Direct,1
R_PTEHPvJSdxPrfMd,Male,FromBelow,Near,Side,1
R_PTEHPvJSdxPrfMd,Male,Level,Near,Direct,1
R_PTEHPvJSdxPrfMd,Male,Level,Far,Side,1
R_PTEHPvJSdxPrfMd,Male,Level,Near,Side,4
R_PTEHPvJSdxPrfMd,Male,Level,Far,Direct,1
R_PTEHPvJSdxPrfMd,Male,FromBelow,Far,Side,1
R_PTEHPvJSdxPrfMd,Male,FromBelow,Far,Direct,1
R_ReloYjYGjBzRa2l,Female,FromBelow,Near,Direct,2
R_ReloYjYGjBzRa2l,Female,FromBelow,Near,Side,2
R_ReloYjYGjBzRa2l,Female,Level,Near,Side,2
R_ReloYjYGjBzRa2l,Female,Level,Near,Direct,4
R_ReloYjYGjBzRa2l,Female,FromBelow,Far,Direct,3
R_ReloYjYGjBzRa2l,Female,FromBelow,Far,Side,2
R_ReloYjYGjBzRa2l,Female,Level,Far,Direct,2
R_ReloYjYGjBzRa2l,Female,Level,Far,Side,2
R_ReloYjYGjBzRa2l,Male,FromBelow,Near,Direct,2
R_ReloYjYGjBzRa2l,Male,FromBelow,Near,Side,2
R_ReloYjYGjBzRa2l,Male,Level,Near,Direct,2
R_ReloYjYGjBzRa2l,Male,Level,Far,Side,2
R_ReloYjYGjBzRa2l,Male,Level,Near,Side,2
R_ReloYjYGjBzRa2l,Male,Level,Far,Direct,2
R_ReloYjYGjBzRa2l,Male,FromBelow,Far,Side,2
R_ReloYjYGjBzRa2l,Male,FromBelow,Far,Direct,2
R_sMwotrLiV18d7RT,Female,FromBelow,Near,Direct,3
R_sMwotrLiV18d7RT,Female,FromBelow,Near,Side,3
R_sMwotrLiV18d7RT,Female,Level,Near,Side,1
R_sMwotrLiV18d7RT,Female,Level,Near,Direct,2
R_sMwotrLiV18d7RT,Female,FromBelow,Far,Direct,3
R_sMwotrLiV18d7RT,Female,FromBelow,Far,Side,2
R_sMwotrLiV18d7RT,Female,Level,Far,Direct,1
R_sMwotrLiV18d7RT,Female,Level,Far,Side,2
R_sMwotrLiV18d7RT,Male,FromBelow,Near,Direct,5
R_sMwotrLiV18d7RT,Male,FromBelow,Near,Side,4
R_sMwotrLiV18d7RT,Male,Level,Near,Direct,4
R_sMwotrLiV18d7RT,Male,Level,Far,Side,4
R_sMwotrLiV18d7RT,Male,Level,Near,Side,4
R_sMwotrLiV18d7RT,Male,Level,Far,Direct,4
R_sMwotrLiV18d7RT,Male,FromBelow,Far,Side,4
R_sMwotrLiV18d7RT,Male,FromBelow,Far,Direct,5
R_sZjPr5DkxyYfYK5,Female,FromBelow,Near,Direct,4
R_sZjPr5DkxyYfYK5,Female,FromBelow,Near,Side,4
R_sZjPr5DkxyYfYK5,Female,Level,Near,Side,2
R_sZjPr5DkxyYfYK5,Female,Level,Near,Direct,3
R_sZjPr5DkxyYfYK5,Female,FromBelow,Far,Direct,1
R_sZjPr5DkxyYfYK5,Female,FromBelow,Far,Side,1
R_sZjPr5DkxyYfYK5,Female,Level,Far,Direct,2
R_sZjPr5DkxyYfYK5,Female,Level,Far,Side,1
R_sZjPr5DkxyYfYK5,Male,FromBelow,Near,Direct,4
R_sZjPr5DkxyYfYK5,Male,FromBelow,Near,Side,3
R_sZjPr5DkxyYfYK5,Male,Level,Near,Direct,2
R_sZjPr5DkxyYfYK5,Male,Level,Far,Side,2
R_sZjPr5DkxyYfYK5,Male,Level,Near,Side,2
R_sZjPr5DkxyYfYK5,Male,Level,Far,Direct,1
R_sZjPr5DkxyYfYK5,Male,FromBelow,Far,Side,3
R_sZjPr5DkxyYfYK5,Male,FromBelow,Far,Direct,3
R_TdXGUAMgA6kDxYd,Female,FromBelow,Near,Direct,4
R_TdXGUAMgA6kDxYd,Female,FromBelow,Near,Side,4
R_TdXGUAMgA6kDxYd,Female,Level,Near,Side,4
R_TdXGUAMgA6kDxYd,Female,Level,Near,Direct,2
R_TdXGUAMgA6kDxYd,Female,FromBelow,Far,Direct,3
R_TdXGUAMgA6kDxYd,Female,FromBelow,Far,Side,2
R_TdXGUAMgA6kDxYd,Female,Level,Far,Direct,1
R_TdXGUAMgA6kDxYd,Female,Level,Far,Side,1
R_TdXGUAMgA6kDxYd,Male,FromBelow,Near,Direct,4
R_TdXGUAMgA6kDxYd,Male,FromBelow,Near,Side,4
R_TdXGUAMgA6kDxYd,Male,Level,Near,Direct,2
R_TdXGUAMgA6kDxYd,Male,Level,Far,Side,1
R_TdXGUAMgA6kDxYd,Male,Level,Near,Side,3
R_TdXGUAMgA6kDxYd,Male,Level,Far,Direct,1
R_TdXGUAMgA6kDxYd,Male,FromBelow,Far,Side,4
R_TdXGUAMgA6kDxYd,Male,FromBelow,Far,Direct,4
R_tPt2lek11f2zjxL,Female,FromBelow,Near,Direct,2
R_tPt2lek11f2zjxL,Female,FromBelow,Near,Side,3
R_tPt2lek11f2zjxL,Female,Level,Near,Side,2
R_tPt2lek11f2zjxL,Female,Level,Near,Direct,3
R_tPt2lek11f2zjxL,Female,FromBelow,Far,Direct,2
R_tPt2lek11f2zjxL,Female,FromBelow,Far,Side,3
R_tPt2lek11f2zjxL,Female,Level,Far,Direct,4
R_tPt2lek11f2zjxL,Female,Level,Far,Side,3
R_tPt2lek11f2zjxL,Male,FromBelow,Near,Direct,4
R_tPt2lek11f2zjxL,Male,FromBelow,Near,Side,3
R_tPt2lek11f2zjxL,Male,Level,Near,Direct,3
R_tPt2lek11f2zjxL,Male,Level,Far,Side,3
R_tPt2lek11f2zjxL,Male,Level,Near,Side,3
R_tPt2lek11f2zjxL,Male,Level,Far,Direct,4
R_tPt2lek11f2zjxL,Male,FromBelow,Far,Side,3
R_tPt2lek11f2zjxL,Male,FromBelow,Far,Direct,3
R_vHX97MxhKaawffz,Female,FromBelow,Near,Direct,3
R_vHX97MxhKaawffz,Female,FromBelow,Near,Side,3
R_vHX97MxhKaawffz,Female,Level,Near,Side,4
R_vHX97MxhKaawffz,Female,Level,Near,Direct,3
R_vHX97MxhKaawffz,Female,FromBelow,Far,Direct,3
R_vHX97MxhKaawffz,Female,FromBelow,Far,Side,2
R_vHX97MxhKaawffz,Female,Level,Far,Direct,4
R_vHX97MxhKaawffz,Female,Level,Far,Side,3
R_vHX97MxhKaawffz,Male,FromBelow,Near,Direct,2
R_vHX97MxhKaawffz,Male,FromBelow,Near,Side,2
R_vHX97MxhKaawffz,Male,Level,Near,Direct,4
R_vHX97MxhKaawffz,Male,Level,Far,Side,4
R_vHX97MxhKaawffz,Male,Level,Near,Side,4
R_vHX97MxhKaawffz,Male,Level,Far,Direct,3
R_vHX97MxhKaawffz,Male,FromBelow,Far,Side,4
R_vHX97MxhKaawffz,Male,FromBelow,Far,Direct,4
R_vPvOu1oMD7WRYaJ,Female,FromBelow,Near,Direct,1
R_vPvOu1oMD7WRYaJ,Female,FromBelow,Near,Side,1
R_vPvOu1oMD7WRYaJ,Female,Level,Near,Side,1
R_vPvOu1oMD7WRYaJ,Female,Level,Near,Direct,1
R_vPvOu1oMD7WRYaJ,Female,FromBelow,Far,Direct,1
R_vPvOu1oMD7WRYaJ,Female,FromBelow,Far,Side,1
R_vPvOu1oMD7WRYaJ,Female,Level,Far,Direct,1
R_vPvOu1oMD7WRYaJ,Female,Level,Far,Side,1
R_vPvOu1oMD7WRYaJ,Male,FromBelow,Near,Direct,1
R_vPvOu1oMD7WRYaJ,Male,FromBelow,Near,Side,1
R_vPvOu1oMD7WRYaJ,Male,Level,Near,Direct,1
R_vPvOu1oMD7WRYaJ,Male,Level,Far,Side,1
R_vPvOu1oMD7WRYaJ,Male,Level,Near,Side,1
R_vPvOu1oMD7WRYaJ,Male,Level,Far,Direct,1
R_vPvOu1oMD7WRYaJ,Male,FromBelow,Far,Side,1
R_vPvOu1oMD7WRYaJ,Male,FromBelow,Far,Direct,1
R_Wffu116XMD9YzTP,Female,FromBelow,Near,Direct,1
R_Wffu116XMD9YzTP,Female,FromBelow,Near,Side,1
R_Wffu116XMD9YzTP,Female,Level,Near,Side,1
R_Wffu116XMD9YzTP,Female,Level,Near,Direct,1
R_Wffu116XMD9YzTP,Female,FromBelow,Far,Direct,1
R_Wffu116XMD9YzTP,Female,FromBelow,Far,Side,1
R_Wffu116XMD9YzTP,Female,Level,Far,Direct,1
R_Wffu116XMD9YzTP,Female,Level,Far,Side,1
R_Wffu116XMD9YzTP,Male,FromBelow,Near,Direct,5
R_Wffu116XMD9YzTP,Male,FromBelow,Near,Side,1
R_Wffu116XMD9YzTP,Male,Level,Near,Direct,1
R_Wffu116XMD9YzTP,Male,Level,Far,Side,1
R_Wffu116XMD9YzTP,Male,Level,Near,Side,1
R_Wffu116XMD9YzTP,Male,Level,Far,Direct,1
R_Wffu116XMD9YzTP,Male,FromBelow,Far,Side,1
R_Wffu116XMD9YzTP,Male,FromBelow,Far,Direct,1
R_Xz9CbvSPBUjVt3b,Female,FromBelow,Near,Direct,4
R_Xz9CbvSPBUjVt3b,Female,FromBelow,Near,Side,3
R_Xz9CbvSPBUjVt3b,Female,Level,Near,Side,2
R_Xz9CbvSPBUjVt3b,Female,Level,Near,Direct,2
R_Xz9CbvSPBUjVt3b,Female,FromBelow,Far,Direct,3
R_Xz9CbvSPBUjVt3b,Female,FromBelow,Far,Side,4
R_Xz9CbvSPBUjVt3b,Female,Level,Far,Direct,2
R_Xz9CbvSPBUjVt3b,Female,Level,Far,Side,4
R_Xz9CbvSPBUjVt3b,Male,FromBelow,Near,Direct,1
R_Xz9CbvSPBUjVt3b,Male,FromBelow,Near,Side,1
R_Xz9CbvSPBUjVt3b,Male,Level,Near,Direct,1
R_Xz9CbvSPBUjVt3b,Male,Level,Far,Side,1
R_Xz9CbvSPBUjVt3b,Male,Level,Near,Side,1
R_Xz9CbvSPBUjVt3b,Male,Level,Far,Direct,1
R_Xz9CbvSPBUjVt3b,Male,FromBelow,Far,Side,1
R_Xz9CbvSPBUjVt3b,Male,FromBelow,Far,Direct,1
R_ZI5MoQCHbyuPbot,Female,FromBelow,Near,Direct,4
R_ZI5MoQCHbyuPbot,Female,FromBelow,Near,Side,4
R_ZI5MoQCHbyuPbot,Female,Level,Near,Side,2
R_ZI5MoQCHbyuPbot,Female,Level,Near,Direct,1
R_ZI5MoQCHbyuPbot,Female,FromBelow,Far,Direct,2
R_ZI5MoQCHbyuPbot,Female,FromBelow,Far,Side,2
R_ZI5MoQCHbyuPbot,Female,Level,Far,Direct,1
R_ZI5MoQCHbyuPbot,Female,Level,Far,Side,1
R_ZI5MoQCHbyuPbot,Male,FromBelow,Near,Direct,3
R_ZI5MoQCHbyuPbot,Male,FromBelow,Near,Side,4
R_ZI5MoQCHbyuPbot,Male,Level,Near,Direct,2
R_ZI5MoQCHbyuPbot,Male,Level,Far,Side,1
R_ZI5MoQCHbyuPbot,Male,Level,Near,Side,1
R_ZI5MoQCHbyuPbot,Male,Level,Far,Direct,1
R_ZI5MoQCHbyuPbot,Male,FromBelow,Far,Side,2
R_ZI5MoQCHbyuPbot,Male,FromBelow,Far,Direct,1
